class_name,file_name,surface_area,volume,compactness,rectangularity,diameter,convexity,eccentricity,A3_bin0,A3_bin1,A3_bin2,A3_bin3,A3_bin4,A3_bin5,A3_bin6,A3_bin7,A3_bin8,A3_bin9,A3_bin10,A3_bin11,A3_bin12,A3_bin13,A3_bin14,A3_bin15,A3_bin16,A3_bin17,A3_bin18,A3_bin19,A3_bin20,A3_bin21,A3_bin22,A3_bin23,A3_bin24,A3_bin25,A3_bin26,A3_bin27,A3_bin28,A3_bin29,A3_bin30,A3_bin31,A3_bin32,A3_bin33,A3_bin34,A3_bin35,A3_bin36,A3_bin37,A3_bin38,A3_bin39,A3_bin40,A3_bin41,A3_bin42,A3_bin43,A3_bin44,A3_bin45,A3_bin46,A3_bin47,A3_bin48,A3_bin49,A3_bin50,A3_bin51,A3_bin52,A3_bin53,A3_bin54,A3_bin55,A3_bin56,A3_bin57,A3_bin58,A3_bin59,A3_bin60,A3_bin61,A3_bin62,A3_bin63,D1_bin0,D1_bin1,D1_bin2,D1_bin3,D1_bin4,D1_bin5,D1_bin6,D1_bin7,D1_bin8,D1_bin9,D1_bin10,D1_bin11,D1_bin12,D1_bin13,D1_bin14,D1_bin15,D1_bin16,D1_bin17,D1_bin18,D1_bin19,D1_bin20,D1_bin21,D1_bin22,D1_bin23,D1_bin24,D1_bin25,D1_bin26,D1_bin27,D1_bin28,D1_bin29,D1_bin30,D1_bin31,D1_bin32,D1_bin33,D1_bin34,D1_bin35,D1_bin36,D1_bin37,D1_bin38,D1_bin39,D1_bin40,D1_bin41,D1_bin42,D1_bin43,D1_bin44,D1_bin45,D1_bin46,D1_bin47,D1_bin48,D1_bin49,D1_bin50,D1_bin51,D1_bin52,D1_bin53,D1_bin54,D1_bin55,D1_bin56,D1_bin57,D1_bin58,D1_bin59,D1_bin60,D1_bin61,D1_bin62,D1_bin63,D2_bin0,D2_bin1,D2_bin2,D2_bin3,D2_bin4,D2_bin5,D2_bin6,D2_bin7,D2_bin8,D2_bin9,D2_bin10,D2_bin11,D2_bin12,D2_bin13,D2_bin14,D2_bin15,D2_bin16,D2_bin17,D2_bin18,D2_bin19,D2_bin20,D2_bin21,D2_bin22,D2_bin23,D2_bin24,D2_bin25,D2_bin26,D2_bin27,D2_bin28,D2_bin29,D2_bin30,D2_bin31,D2_bin32,D2_bin33,D2_bin34,D2_bin35,D2_bin36,D2_bin37,D2_bin38,D2_bin39,D2_bin40,D2_bin41,D2_bin42,D2_bin43,D2_bin44,D2_bin45,D2_bin46,D2_bin47,D2_bin48,D2_bin49,D2_bin50,D2_bin51,D2_bin52,D2_bin53,D2_bin54,D2_bin55,D2_bin56,D2_bin57,D2_bin58,D2_bin59,D2_bin60,D2_bin61,D2_bin62,D2_bin63,D3_bin0,D3_bin1,D3_bin2,D3_bin3,D3_bin4,D3_bin5,D3_bin6,D3_bin7,D3_bin8,D3_bin9,D3_bin10,D3_bin11,D3_bin12,D3_bin13,D3_bin14,D3_bin15,D3_bin16,D3_bin17,D3_bin18,D3_bin19,D3_bin20,D3_bin21,D3_bin22,D3_bin23,D3_bin24,D3_bin25,D3_bin26,D3_bin27,D3_bin28,D3_bin29,D3_bin30,D3_bin31,D3_bin32,D3_bin33,D3_bin34,D3_bin35,D3_bin36,D3_bin37,D3_bin38,D3_bin39,D3_bin40,D3_bin41,D3_bin42,D3_bin43,D3_bin44,D3_bin45,D3_bin46,D3_bin47,D3_bin48,D3_bin49,D3_bin50,D3_bin51,D3_bin52,D3_bin53,D3_bin54,D3_bin55,D3_bin56,D3_bin57,D3_bin58,D3_bin59,D3_bin60,D3_bin61,D3_bin62,D3_bin63,D4_bin0,D4_bin1,D4_bin2,D4_bin3,D4_bin4,D4_bin5,D4_bin6,D4_bin7,D4_bin8,D4_bin9,D4_bin10,D4_bin11,D4_bin12,D4_bin13,D4_bin14,D4_bin15,D4_bin16,D4_bin17,D4_bin18,D4_bin19,D4_bin20,D4_bin21,D4_bin22,D4_bin23,D4_bin24,D4_bin25,D4_bin26,D4_bin27,D4_bin28,D4_bin29,D4_bin30,D4_bin31,D4_bin32,D4_bin33,D4_bin34,D4_bin35,D4_bin36,D4_bin37,D4_bin38,D4_bin39,D4_bin40,D4_bin41,D4_bin42,D4_bin43,D4_bin44,D4_bin45,D4_bin46,D4_bin47,D4_bin48,D4_bin49,D4_bin50,D4_bin51,D4_bin52,D4_bin53,D4_bin54,D4_bin55,D4_bin56,D4_bin57,D4_bin58,D4_bin59,D4_bin60,D4_bin61,D4_bin62,D4_bin63
Bookset,D01009_full_norm.obj,1.9278821506100747,0.010770266099608182,546.1805202760297,0.20751365832610466,0.5502735863156588,0.3810061686072897,3.4499069005208405,0.003875682610477105,0.009517924192454173,0.013890661418486402,0.01665804657536087,0.01944558259502811,0.02253538155658698,0.023663829872982396,0.026209555539136335,0.028157472275771273,0.0294941461743587,0.03192568361802024,0.03247647386768943,0.03253692645606776,0.03319518797396508,0.03433035324462476,0.03369224258952021,0.03393405294303351,0.03271156726693848,0.03164357153892139,0.03147564768231493,0.029856861704628652,0.030091955103877698,0.029205317140995588,0.0266192897492561,0.02504752245141963,0.02444299656763637,0.02276375800157177,0.022770474955836027,0.020607615682744815,0.019170187470193514,0.01846490727244638,0.018014871336741067,0.01673193307226771,0.01563706952719359,0.014401149942570041,0.01360183238512329,0.012426365388878067,0.011479274837617631,0.010357543475486475,0.009551508963775466,0.008510381052815411,0.008228268973716557,0.007744648266689952,0.007240876696870571,0.006616199950294538,0.005810165438583529,0.005064583515250845,0.004836207070266059,0.004540661082638688,0.003915984336062656,0.0036674570282850946,0.003338326269336432,0.0029285920592166687,0.0027002156142318825,0.0024046696266045125,0.0020016523707490075,0.001685955520328862,0.0016658046575360869,0.00122920263035929,0.0011150144078668968,0.0008664871000893355,0.0006515445636330662,0.00048362070702660586,0.00014105603954942672,0.00066,0.002193333333333333,0.00404,0.00518,0.01863333333333333,0.03777333333333333,0.059506666666666666,0.07848,0.10594666666666666,0.12763333333333332,0.11118666666666667,0.10091333333333333,0.08712,0.07957333333333333,0.09489333333333333,0.06291333333333333,0.016893333333333333,0.005873333333333334,0.0005866666666666667,0.0,0.0,0.0,0.0,0.0,0.0,0.0,0.0,0.0,0.0,0.0,0.0,0.0,0.0,0.0,0.0,0.0,0.0,0.0,0.0,0.0,0.0,0.0,0.0,0.0,0.0,0.0,0.0,0.0,0.0,0.0,0.0,0.0,0.0,0.0,0.0,0.0,0.0,0.0,0.0,0.0,0.0,0.0,0.0,0.0,0.007545103695097686,0.024424769306785252,0.05218140298866231,0.06576926672275417,0.09275803586928942,0.11071938891337153,0.1296489189802759,0.14080632453293804,0.11809756553556883,0.09353925457046326,0.05943939211837133,0.04644578876380487,0.02840431072473058,0.019750811265574295,0.008713593205400424,0.0016959790606679754,6.009374624414086e-05,0.0,0.0,0.0,0.0,0.0,0.0,0.0,0.0,0.0,0.0,0.0,0.0,0.0,0.0,0.0,0.0,0.0,0.0,0.0,0.0,0.0,0.0,0.0,0.0,0.0,0.0,0.0,0.0,0.0,0.0,0.0,0.0,0.0,0.0,0.0,0.0,0.0,0.0,0.0,0.0,0.0,0.0,0.0,0.0,0.0,0.0,0.0,0.0006985632434828752,0.0075229887759694246,0.023751150278417753,0.04550736514035076,0.07193186321594336,0.09897432108384774,0.12112683624737199,0.13376142721844206,0.13402338843474815,0.12347105328559818,0.1016946875608724,0.07064220799720575,0.04327061937035271,0.01872686848875246,0.004366020271767969,0.0005239224326121563,6.716954264258415e-06,0.0,0.0,0.0,0.0,0.0,0.0,0.0,0.0,0.0,0.0,0.0,0.0,0.0,0.0,0.0,0.0,0.0,0.0,0.0,0.0,0.0,0.0,0.0,0.0,0.0,0.0,0.0,0.0,0.0,0.0,0.0,0.0,0.0,0.0,0.0,0.0,0.0,0.0,0.0,0.0,0.0,0.0,0.0,0.0,0.0,0.0,0.0,0.009975598152212281,0.06554735339707485,0.14184533218741846,0.1997498426924907,0.21085345078960696,0.1786476158320416,0.11769671112202458,0.05774336622722878,0.016306266210346997,0.001596095704353965,3.836768520081646e-05,0.0,0.0,0.0,0.0,0.0,0.0,0.0,0.0,0.0,0.0,0.0,0.0,0.0,0.0,0.0,0.0,0.0,0.0,0.0,0.0,0.0,0.0,0.0,0.0,0.0,0.0,0.0,0.0,0.0,0.0,0.0,0.0,0.0,0.0,0.0,0.0,0.0,0.0,0.0,0.0,0.0,0.0,0.0,0.0,0.0,0.0,0.0,0.0,0.0,0.0,0.0,0.0,0.0
Bookset,D01013_full_norm.obj,2.098193422776586,0.008404166100174186,1156.3649939212116,0.1689556457023299,0.5464013966155652,0.3356847938239285,2.1646378213215764,0.0027606682026102085,0.008322306333416176,0.013124928632360942,0.017591703218092787,0.021366631514606018,0.025369936256104033,0.027660417660216152,0.030777084438832057,0.03181149539552785,0.03407510898258294,0.03496174694546505,0.03355790350423504,0.03488114349429395,0.033873600354655184,0.03376612908642705,0.0320936074746267,0.03242273823357537,0.02987029561315717,0.029339656226280757,0.0289769406960108,0.027895511059465194,0.02655883716087777,0.025309483667725705,0.024557184790128764,0.02316677525742727,0.022562249373644015,0.021111387252564198,0.02002995761601859,0.019176904424457773,0.018498492043767675,0.016812536523438813,0.016375934496262016,0.015086279277524399,0.014468319485212626,0.01402500050377157,0.012721911376505437,0.012144253309779213,0.011385237477918014,0.01059263687473552,0.009853771905667094,0.009840337997138578,0.008826077903235557,0.008543965824136704,0.007831968672125312,0.006999066343357268,0.006448276093688078,0.006206465740174775,0.0062131826944390334,0.005185488692007496,0.004903376612908642,0.004547378036902946,0.0038017961135702627,0.0036876078910778698,0.0032510058639010726,0.002868139470838343,0.0023576509467547035,0.0021964440444125015,0.0019143319653136483,0.0017598420172357046,0.0013366738985874245,0.0010142600939030207,0.0007254310605399088,0.0004433189814410554,0.00016120690234220196,0.0007,0.00512,0.011053333333333333,0.021426666666666667,0.03936666666666667,0.05189333333333333,0.07638666666666667,0.10692,0.12690666666666667,0.12413333333333333,0.11353333333333333,0.08433333333333333,0.08180666666666667,0.06444666666666667,0.045026666666666666,0.020386666666666668,0.01326,0.008633333333333333,0.00416,0.0005066666666666667,0.0,0.0,0.0,0.0,0.0,0.0,0.0,0.0,0.0,0.0,0.0,0.0,0.0,0.0,0.0,0.0,0.0,0.0,0.0,0.0,0.0,0.0,0.0,0.0,0.0,0.0,0.0,0.0,0.0,0.0,0.0,0.0,0.0,0.0,0.0,0.0,0.0,0.0,0.0,0.0,0.0,0.0,0.0,0.0,0.004720603062048889,0.028423772609819122,0.05878386047847018,0.09767708938431852,0.12357697520848773,0.13862681863402973,0.13966842270429794,0.12333660503842585,0.09538689581956213,0.07046184457397726,0.04864825164086026,0.03415927194546268,0.021473068525529316,0.01031588646515634,0.003906015263505799,0.0007945569510379318,4.006169501031589e-05,0.0,0.0,0.0,0.0,0.0,0.0,0.0,0.0,0.0,0.0,0.0,0.0,0.0,0.0,0.0,0.0,0.0,0.0,0.0,0.0,0.0,0.0,0.0,0.0,0.0,0.0,0.0,0.0,0.0,0.0,0.0,0.0,0.0,0.0,0.0,0.0,0.0,0.0,0.0,0.0,0.0,0.0,0.0,0.0,0.0,0.0,0.0,0.0006045299443832451,0.007650662296139069,0.027801660442247238,0.06140680835057363,0.10243424057604987,0.13765146833606492,0.1562038206292485,0.15347000188075982,0.1336817217012816,0.10093634971385583,0.06328085117816169,0.03495526478411564,0.014535586662726026,0.004439936591525834,0.0009000779171928317,4.70189956742524e-05,0.0,0.0,0.0,0.0,0.0,0.0,0.0,0.0,0.0,0.0,0.0,0.0,0.0,0.0,0.0,0.0,0.0,0.0,0.0,0.0,0.0,0.0,0.0,0.0,0.0,0.0,0.0,0.0,0.0,0.0,0.0,0.0,0.0,0.0,0.0,0.0,0.0,0.0,0.0,0.0,0.0,0.0,0.0,0.0,0.0,0.0,0.0,0.0,0.013413136893799877,0.08579650092081031,0.1855893186003683,0.24848066298342542,0.2294659300184162,0.1482351135666053,0.06454112952731737,0.019643953345610803,0.004404542664211172,0.00042971147943523635,0.0,0.0,0.0,0.0,0.0,0.0,0.0,0.0,0.0,0.0,0.0,0.0,0.0,0.0,0.0,0.0,0.0,0.0,0.0,0.0,0.0,0.0,0.0,0.0,0.0,0.0,0.0,0.0,0.0,0.0,0.0,0.0,0.0,0.0,0.0,0.0,0.0,0.0,0.0,0.0,0.0,0.0,0.0,0.0,0.0,0.0,0.0,0.0,0.0,0.0,0.0,0.0,0.0,0.0
Bookset,D01030_full_norm.obj,1.2959652111420823,0.020148540703444302,47.406780566418725,0.3139406806522808,0.5457707456005501,0.6726211855451334,2.3094423586936808,0.0025322917576254224,0.006931896800714684,0.01110312539881916,0.01470341288446167,0.017846947480134608,0.02130617892622769,0.024886315549077425,0.02649166761823519,0.028748564251026013,0.02991731429300698,0.03171074108156398,0.03234213478240427,0.033282508379400444,0.03395420380582628,0.034216165022132365,0.033416847464685616,0.03270485031267422,0.0322883991482902,0.03242945518783963,0.031616703721864356,0.030817386164417607,0.029749390436400517,0.027982831464900555,0.02711634436481122,0.02647151675544241,0.02440269484205082,0.02355635860475426,0.022689871504664925,0.0212725941549064,0.0194791673663494,0.019136602698872223,0.017228987687822835,0.016496839673018668,0.015569899984551005,0.01423994304022784,0.013863793601429367,0.012802514827676538,0.011828556459359069,0.011331501843803946,0.009934375356838195,0.009034303485427568,0.008946983079992208,0.007872270397710861,0.007113254565849661,0.0069587646177717176,0.005816882392847787,0.005749712850205203,0.005091451332307879,0.0045540949911672055,0.004352586363239453,0.004090625146933375,0.0034592314460930836,0.003143534595672938,0.002800969928195759,0.0024382543979258047,0.0020486710505988165,0.0018941811025208729,0.001732974200178671,0.0013366738985874245,0.001020977048167279,0.0008597701458250771,0.000745581923332684,0.000355998576005696,0.0001813577651349772,0.00094,0.0033733333333333332,0.00758,0.016313333333333332,0.021413333333333333,0.03816,0.04819333333333333,0.07500666666666667,0.12261333333333334,0.14632,0.12395333333333333,0.11642,0.08834,0.07462,0.05869333333333333,0.0303,0.015253333333333334,0.008046666666666667,0.00356,0.0009,0.0,0.0,0.0,0.0,0.0,0.0,0.0,0.0,0.0,0.0,0.0,0.0,0.0,0.0,0.0,0.0,0.0,0.0,0.0,0.0,0.0,0.0,0.0,0.0,0.0,0.0,0.0,0.0,0.0,0.0,0.0,0.0,0.0,0.0,0.0,0.0,0.0,0.0,0.0,0.0,0.0,0.0,0.0,0.0,0.004740665562737033,0.021693552694834677,0.047413332621120664,0.07610437476630522,0.10185753966134288,0.12342422947492121,0.13053522781902677,0.12869237754393462,0.11256076064312803,0.09295042999839752,0.06906682335345334,0.04452219432722611,0.025753164895037657,0.01283318198814166,0.005154639175257732,0.0021967309438598367,0.00048742054377437104,1.33539875006677e-05,0.0,0.0,0.0,0.0,0.0,0.0,0.0,0.0,0.0,0.0,0.0,0.0,0.0,0.0,0.0,0.0,0.0,0.0,0.0,0.0,0.0,0.0,0.0,0.0,0.0,0.0,0.0,0.0,0.0,0.0,0.0,0.0,0.0,0.0,0.0,0.0,0.0,0.0,0.0,0.0,0.0,0.0,0.0,0.0,0.0,0.0,0.0005037817214557276,0.00632078133186453,0.02144095006515577,0.04581055120437417,0.07693754450071873,0.10698980345795774,0.13092951086153393,0.14479358383599553,0.14226795813909748,0.1255222537179091,0.09261523167242097,0.05708854467536306,0.030280640004298937,0.012829641173072531,0.00427878608756398,0.0011419052352996495,0.00024853231591815897,0.0,0.0,0.0,0.0,0.0,0.0,0.0,0.0,0.0,0.0,0.0,0.0,0.0,0.0,0.0,0.0,0.0,0.0,0.0,0.0,0.0,0.0,0.0,0.0,0.0,0.0,0.0,0.0,0.0,0.0,0.0,0.0,0.0,0.0,0.0,0.0,0.0,0.0,0.0,0.0,0.0,0.0,0.0,0.0,0.0,0.0,0.0,0.010013888995464975,0.06538570737958395,0.14795233235368596,0.218226045319562,0.2263292382538233,0.176804610225677,0.10111342168064519,0.041551884222561564,0.011256992456970972,0.001319838243080441,4.6040868944666546e-05,0.0,0.0,0.0,0.0,0.0,0.0,0.0,0.0,0.0,0.0,0.0,0.0,0.0,0.0,0.0,0.0,0.0,0.0,0.0,0.0,0.0,0.0,0.0,0.0,0.0,0.0,0.0,0.0,0.0,0.0,0.0,0.0,0.0,0.0,0.0,0.0,0.0,0.0,0.0,0.0,0.0,0.0,0.0,0.0,0.0,0.0,0.0,0.0,0.0,0.0,0.0,0.0,0.0
Bookset,D01038_full_norm.obj,2.5753566352029766,0.13496223009613947,8.291541345100457,1.2317727665057647,1.0372397564331743,2.0447732983952953,12.299993040276297,0.005454166862577833,0.014313829537134682,0.021373348468870276,0.026511818481027963,0.0310121778380811,0.03521699120750687,0.03642604297507338,0.036070044399067684,0.03530431161294223,0.03394748685156203,0.033450432236006904,0.030018068606970854,0.02868811166264769,0.027055891776432896,0.026034914728265614,0.024053413220309385,0.022387608562773297,0.02168904531929042,0.020708369996708692,0.019170187470193514,0.018841056711244853,0.018216379964668822,0.017383477635900778,0.016073671554370388,0.015791559475271534,0.015106430140317175,0.01525420313413086,0.014367565171248748,0.014569073799176501,0.014367565171248748,0.013971264869657503,0.013803341013051041,0.013635417156444582,0.013447342437045345,0.013420474619988312,0.013158513403682234,0.013232399900589076,0.012963721730018741,0.012063649858608113,0.01258085533695601,0.011553161334524473,0.011815122550830552,0.012016631178758303,0.012043498995815338,0.010941918496476957,0.010471731697978869,0.010223204390201307,0.00974630063743896,0.0097395836831747,0.00944403769554733,0.009289547747469387,0.008174533339602491,0.008154382476809715,0.007422234462005548,0.007126688474378178,0.006522162590594921,0.005816882392847787,0.004903376612908642,0.0040771912384048575,0.0036070044399067686,0.002612895208796523,0.0017061063831216373,0.0010814296365456047,0.00037614943879847124,0.00044,0.00176,0.002873333333333333,0.006073333333333333,0.012166666666666666,0.020533333333333334,0.030606666666666667,0.03406,0.03876,0.055266666666666665,0.06016666666666667,0.05587333333333333,0.047306666666666664,0.04677333333333333,0.052513333333333335,0.05242,0.037046666666666665,0.031466666666666664,0.042846666666666665,0.03612666666666667,0.0346,0.022713333333333332,0.026473333333333335,0.049966666666666666,0.041133333333333334,0.028373333333333334,0.0426,0.03058,0.01628,0.00748,0.00612,0.0054733333333333335,0.00498,0.0058133333333333335,0.00526,0.004013333333333333,0.003013333333333333,4.6666666666666665e-05,0.0,0.0,0.0,0.0,0.0,0.0,0.0,0.0,0.0,0.0,0.0,0.0,0.0,0.0,0.0,0.0,0.0,0.0,0.0,0.0,0.0,0.0,0.0,0.0,0.0,0.0,0.002216761925110838,0.010028844613001442,0.022434699001121734,0.03516104908925805,0.05103894022755195,0.0624899845093745,0.0703421291597671,0.07409459964745473,0.07241867421612093,0.07460872816623043,0.06667645959083382,0.0594319213717216,0.049783665402489186,0.04711954489610598,0.04076304684578815,0.038265851183163294,0.03464692057048235,0.030173334757758668,0.028310453501415523,0.024037177501201858,0.02107259227605363,0.01697959510709898,0.015490625500774532,0.012899951925644998,0.012031942738101598,0.00934779125046739,0.00763180385663159,0.004340045937717002,0.003291757918914588,0.0015824475188291223,0.0008813631750440681,0.0003405266812670263,6.67699375033385e-05,0.0,0.0,0.0,0.0,0.0,0.0,0.0,0.0,0.0,0.0,0.0,0.0,0.0,0.0,0.0,0.0,0.0,0.0,0.0,0.0,0.0,0.0,0.0,0.0,0.0,0.0,0.0,0.0,0.0,0.0,0.0,0.00013434179238819405,0.0020084097962035008,0.0071133979069548745,0.01600682456305332,0.027889356099789084,0.04226392788532585,0.05776697072692344,0.07225573303599017,0.08410467912462888,0.09272270510633153,0.0933272431720784,0.09236669935650281,0.08628773325093704,0.07634644061421067,0.06432956728508672,0.05325308650268012,0.04232438169190053,0.0317113800932332,0.023147090828485834,0.0148850705966119,0.009598721066136464,0.005655789459542969,0.002814460550532665,0.0012359444899713852,0.0003492886602093045,6.717089619409702e-05,3.358544809704851e-05,0.0,0.0,0.0,0.0,0.0,0.0,0.0,0.0,0.0,0.0,0.0,0.0,0.0,0.0,0.0,0.0,0.0,0.0,0.0,0.0,0.0,0.0,0.0,0.0,0.0,0.0,0.0,0.0,0.0,0.0,0.0,0.0,0.0,0.0,0.0,0.0,0.0,0.0044352703750028775,0.030908770018186142,0.07705706765705692,0.12727998219753067,0.16524835212056568,0.17533130241944767,0.16024524436191193,0.12351997790038291,0.07648923027340603,0.039986494678442897,0.015446711530935627,0.003591187777683991,0.0004220412986594434,3.06939126297777e-05,7.673478157444424e-06,0.0,0.0,0.0,0.0,0.0,0.0,0.0,0.0,0.0,0.0,0.0,0.0,0.0,0.0,0.0,0.0,0.0,0.0,0.0,0.0,0.0,0.0,0.0,0.0,0.0,0.0,0.0,0.0,0.0,0.0,0.0,0.0,0.0,0.0,0.0,0.0,0.0,0.0,0.0,0.0,0.0,0.0,0.0,0.0,0.0,0.0,0.0,0.0,0.0
Bookset,D01042_full_norm.obj,0.5629110988466277,0.01659695875800984,5.725455346969435,0.5209650576009446,0.37994968123187095,1.6761636819715175,5.805642316595922,0.002659949622166247,0.007200671704450042,0.010693534844668347,0.014414777497900924,0.017732997481108313,0.020507136859781696,0.022676742233417296,0.024826196473551637,0.02733165407220823,0.02872879932829555,0.03090512174643157,0.031724601175482786,0.0326112510495382,0.03324937027707808,0.03353148614609572,0.03415617128463476,0.03338371116708648,0.032873215785054574,0.033047858942065494,0.03275902602854744,0.030455079764903442,0.029185558354324098,0.02943408900083963,0.027929471032745592,0.02690176322418136,0.024819479429051217,0.024436607892527287,0.022623005877413938,0.021756507136859782,0.020607892527287994,0.018706968933669185,0.017612090680100757,0.0167791771620487,0.015449202350965575,0.015026028547439127,0.013319899244332493,0.01239966414777498,0.011936188077246012,0.01085474391267842,0.010592779177162049,0.0094911838790932,0.009242653232577665,0.007892527287993284,0.007247691015952981,0.006931989924433249,0.0063005877413937865,0.005649034424853065,0.00546095717884131,0.005225860621326617,0.004648194794290512,0.004077246011754828,0.0036204869857262806,0.003190596137699412,0.0028816120906801006,0.0026397984886649874,0.002256926952141058,0.0016523929471032746,0.00145088161209068,0.0011821998320738875,0.0011553316540722082,0.000873215785054576,0.0005978169605373636,0.00040302267002518893,8.73215785054576e-05,0.0,0.0068,0.0313,0.07062666666666667,0.10204666666666666,0.14832666666666666,0.18679333333333334,0.20154666666666668,0.12582666666666667,0.06570666666666666,0.03444,0.020866666666666665,0.005646666666666667,7.333333333333333e-05,0.0,0.0,0.0,0.0,0.0,0.0,0.0,0.0,0.0,0.0,0.0,0.0,0.0,0.0,0.0,0.0,0.0,0.0,0.0,0.0,0.0,0.0,0.0,0.0,0.0,0.0,0.0,0.0,0.0,0.0,0.0,0.0,0.0,0.0,0.0,0.0,0.0,0.0,0.0,0.0,0.0,0.0,0.0,0.0,0.0,0.0,0.0,0.0,0.0,0.0,0.012806474013140324,0.06321109983441056,0.12331739757491587,0.17993830457774693,0.20259334437262966,0.18339698734041984,0.12942684685647135,0.06954088990972704,0.028343838470167193,0.006770471662838524,0.0006276374125313819,2.67079750013354e-05,0.0,0.0,0.0,0.0,0.0,0.0,0.0,0.0,0.0,0.0,0.0,0.0,0.0,0.0,0.0,0.0,0.0,0.0,0.0,0.0,0.0,0.0,0.0,0.0,0.0,0.0,0.0,0.0,0.0,0.0,0.0,0.0,0.0,0.0,0.0,0.0,0.0,0.0,0.0,0.0,0.0,0.0,0.0,0.0,0.0,0.0,0.0,0.0,0.0,0.0,0.0,0.0,0.0024114189756507137,0.02666666666666667,0.08468849706129303,0.1589185558354324,0.2103778337531486,0.2133198992443325,0.16469521410579346,0.0915264483627204,0.03680268681780017,0.009397145256087322,0.001128463476070529,6.717044500419816e-05,0.0,0.0,0.0,0.0,0.0,0.0,0.0,0.0,0.0,0.0,0.0,0.0,0.0,0.0,0.0,0.0,0.0,0.0,0.0,0.0,0.0,0.0,0.0,0.0,0.0,0.0,0.0,0.0,0.0,0.0,0.0,0.0,0.0,0.0,0.0,0.0,0.0,0.0,0.0,0.0,0.0,0.0,0.0,0.0,0.0,0.0,0.0,0.0,0.0,0.0,0.0,0.0,0.028829257437518706,0.16614614906498668,0.305557900229437,0.29192212954365826,0.16098957174318404,0.042388293341723005,0.004136004726862545,3.06939126297777e-05,0.0,0.0,0.0,0.0,0.0,0.0,0.0,0.0,0.0,0.0,0.0,0.0,0.0,0.0,0.0,0.0,0.0,0.0,0.0,0.0,0.0,0.0,0.0,0.0,0.0,0.0,0.0,0.0,0.0,0.0,0.0,0.0,0.0,0.0,0.0,0.0,0.0,0.0,0.0,0.0,0.0,0.0,0.0,0.0,0.0,0.0,0.0,0.0,0.0,0.0,0.0,0.0,0.0,0.0,0.0,0.0
Bookset,D01050_full_norm.obj,0.7954955369034576,0.012576531479510582,28.14097266504031,0.19897184731274425,0.4608195951997343,0.676607474558425,2.475164773771076,0.0027472712006717044,0.007200671704450042,0.011163727959697733,0.014938706968933669,0.01817632241813602,0.02110495382031906,0.024752308984047018,0.026720403022670026,0.0284063811922754,0.030441645675902605,0.03245004198152813,0.0341696053736356,0.0348816120906801,0.034592779177162046,0.0356272040302267,0.03538539042821159,0.0355936188077246,0.034048698572628044,0.032570948782535684,0.03185222502099076,0.03095214105793451,0.02974307304785894,0.02833249370277078,0.02727791771620487,0.0269487825356843,0.025558354324097397,0.02400671704450042,0.022414777497900922,0.020795969773299748,0.01962048698572628,0.018418136020151132,0.017981528127623846,0.016671704450041982,0.015335012594458438,0.013850545759865659,0.013192275398824517,0.0116272040302267,0.010814441645675903,0.009894206549118387,0.009222502099076406,0.008597816960537364,0.008208228379513014,0.007086481947942905,0.00653568429890848,0.00616624685138539,0.005675902602854744,0.00473551637279597,0.004245172124265323,0.004036943744752309,0.00398992443324937,0.0031704450041981527,0.003049538203190596,0.002807724601175483,0.002250209907640638,0.0020419815281276237,0.0016188077246011754,0.0014979009235936188,0.0014105793450881613,0.0010344248530646516,0.0008866498740554156,0.000584382871536524,0.0005306465155331654,0.0002619647355163728,9.403862300587742e-05,0.0,0.00124,0.013,0.026353333333333333,0.05242,0.06355333333333334,0.09817333333333333,0.14016666666666666,0.17552,0.15642666666666666,0.10901333333333334,0.07507333333333334,0.04658,0.023653333333333332,0.014186666666666667,0.00464,0.0,0.0,0.0,0.0,0.0,0.0,0.0,0.0,0.0,0.0,0.0,0.0,0.0,0.0,0.0,0.0,0.0,0.0,0.0,0.0,0.0,0.0,0.0,0.0,0.0,0.0,0.0,0.0,0.0,0.0,0.0,0.0,0.0,0.0,0.0,0.0,0.0,0.0,0.0,0.0,0.0,0.0,0.0,0.0,0.0,0.0,0.0,0.0,0.00737140110036857,0.034700336520485014,0.07396105977244806,0.11571230169328561,0.14093130708829657,0.15331713049516585,0.15043266919502163,0.13351316703167565,0.09564125847978207,0.05543907910902195,0.02591341274504567,0.01016238448800812,0.002610704556380535,0.0002470487687623524,4.673895625233695e-05,0.0,0.0,0.0,0.0,0.0,0.0,0.0,0.0,0.0,0.0,0.0,0.0,0.0,0.0,0.0,0.0,0.0,0.0,0.0,0.0,0.0,0.0,0.0,0.0,0.0,0.0,0.0,0.0,0.0,0.0,0.0,0.0,0.0,0.0,0.0,0.0,0.0,0.0,0.0,0.0,0.0,0.0,0.0,0.0,0.0,0.0,0.0,0.0,0.0,0.0013635600335852225,0.012802686817800168,0.04108144416456759,0.08577665827036104,0.12785222502099075,0.16231066330814442,0.16943744752308984,0.15601007556675062,0.11714525608732158,0.07380688497061293,0.03728631402183039,0.012406381192275398,0.002579345088161209,0.00013434089000839632,6.717044500419815e-06,0.0,0.0,0.0,0.0,0.0,0.0,0.0,0.0,0.0,0.0,0.0,0.0,0.0,0.0,0.0,0.0,0.0,0.0,0.0,0.0,0.0,0.0,0.0,0.0,0.0,0.0,0.0,0.0,0.0,0.0,0.0,0.0,0.0,0.0,0.0,0.0,0.0,0.0,0.0,0.0,0.0,0.0,0.0,0.0,0.0,0.0,0.0,0.0,0.0,0.016782154285319643,0.09973372622144464,0.2048619903773107,0.25807837810876555,0.22379275152129038,0.1317402948195554,0.053070589408902906,0.010996262958785117,0.0009285051067780873,1.534719184757169e-05,0.0,0.0,0.0,0.0,0.0,0.0,0.0,0.0,0.0,0.0,0.0,0.0,0.0,0.0,0.0,0.0,0.0,0.0,0.0,0.0,0.0,0.0,0.0,0.0,0.0,0.0,0.0,0.0,0.0,0.0,0.0,0.0,0.0,0.0,0.0,0.0,0.0,0.0,0.0,0.0,0.0,0.0,0.0,0.0,0.0,0.0,0.0,0.0,0.0,0.0,0.0,0.0,0.0,0.0
Bookset,D01065_full_norm.obj,2.3599182051017507,0.02103075491985928,262.74154745279236,0.3974292968124374,0.5742071041033237,0.7610259354131625,2.4589912754494563,0.0029958018471872377,0.00908144416456759,0.013830394626364399,0.01783375314861461,0.022757346767422335,0.025941225860621326,0.028822837951301427,0.030804366078925272,0.03324937027707808,0.03393450881612091,0.035130142737195634,0.03517044500419815,0.03509655751469354,0.0347136859781696,0.03316876574307305,0.03240973971452561,0.031865659109991604,0.030078925272879933,0.02909823677581864,0.028245172124265323,0.026968933669185558,0.026653232577665827,0.02500755667506297,0.02399328295549958,0.022737195633921074,0.021554995801847186,0.020480268681780017,0.020849706129303106,0.018854743912678423,0.017625524769101595,0.01754492023509656,0.016530646515533164,0.014918555835432409,0.015160369437447523,0.013716204869857264,0.012896725440806046,0.01239966414777498,0.011714525608732158,0.01057934508816121,0.009954659949622167,0.009376994122586062,0.008886649874055415,0.008214945424013433,0.0075835432409739716,0.007032745591939547,0.00619983207388749,0.005984886649874056,0.005293031066330814,0.005057934508816121,0.004433249370277078,0.004144416456759026,0.0036204869857262806,0.0035533165407220825,0.003056255247691016,0.002753988245172124,0.0022770780856423175,0.0020554156171284635,0.0015785054575986567,0.0014307304785894205,0.0009672544080604534,0.000947103274559194,0.000691855583543241,0.0003761544920235097,0.00011418975650713686,0.0004333333333333333,0.0037866666666666665,0.012133333333333333,0.021886666666666665,0.03130666666666666,0.05532,0.06913333333333334,0.09538666666666666,0.1261,0.10441333333333333,0.08462666666666667,0.09254666666666667,0.07826,0.07739333333333333,0.06095333333333333,0.04124,0.017806666666666665,0.011286666666666667,0.008953333333333334,0.006193333333333334,0.00084,0.0,0.0,0.0,0.0,0.0,0.0,0.0,0.0,0.0,0.0,0.0,0.0,0.0,0.0,0.0,0.0,0.0,0.0,0.0,0.0,0.0,0.0,0.0,0.0,0.0,0.0,0.0,0.0,0.0,0.0,0.0,0.0,0.0,0.0,0.0,0.0,0.0,0.0,0.0,0.0,0.0,0.0,0.0,0.0044268764146974966,0.025145726361615044,0.05434441499128646,0.08820367637730608,0.11602689511040483,0.12853966494621646,0.13115706397270427,0.11944553873683789,0.09558848077346813,0.0727062704066984,0.055172367744563224,0.040836766443876155,0.030173536226271475,0.020538569911929865,0.011297548859228,0.00487423798300026,0.0013086995132439055,0.0002136652266520662,0.0,0.0,0.0,0.0,0.0,0.0,0.0,0.0,0.0,0.0,0.0,0.0,0.0,0.0,0.0,0.0,0.0,0.0,0.0,0.0,0.0,0.0,0.0,0.0,0.0,0.0,0.0,0.0,0.0,0.0,0.0,0.0,0.0,0.0,0.0,0.0,0.0,0.0,0.0,0.0,0.0,0.0,0.0,0.0,0.0,0.0,0.0004836239555065961,0.006381149412934254,0.024590934737634004,0.054394260995727986,0.09258040248260298,0.12499664150030898,0.14295118084849137,0.1451745076439453,0.13381606168892232,0.10555764528869663,0.07707085090948172,0.0483422445525135,0.026310486579435233,0.01200999489508047,0.004278728606356968,0.0009269459147209758,0.00013433998764072113,0.0,0.0,0.0,0.0,0.0,0.0,0.0,0.0,0.0,0.0,0.0,0.0,0.0,0.0,0.0,0.0,0.0,0.0,0.0,0.0,0.0,0.0,0.0,0.0,0.0,0.0,0.0,0.0,0.0,0.0,0.0,0.0,0.0,0.0,0.0,0.0,0.0,0.0,0.0,0.0,0.0,0.0,0.0,0.0,0.0,0.0,0.0,0.012254450583179866,0.07494628606507059,0.16994321669736034,0.23804481276856967,0.2308011049723757,0.16388121546961326,0.07937384898710866,0.025744321669736035,0.0047268262737876,0.00027624309392265195,7.67341927562922e-06,0.0,0.0,0.0,0.0,0.0,0.0,0.0,0.0,0.0,0.0,0.0,0.0,0.0,0.0,0.0,0.0,0.0,0.0,0.0,0.0,0.0,0.0,0.0,0.0,0.0,0.0,0.0,0.0,0.0,0.0,0.0,0.0,0.0,0.0,0.0,0.0,0.0,0.0,0.0,0.0,0.0,0.0,0.0,0.0,0.0,0.0,0.0,0.0,0.0,0.0,0.0,0.0,0.0
Bookset,D01078_full_norm.obj,0.4035020442014349,0.007092031340694932,11.548977946821616,0.7782522424728053,0.34481946946353764,1.2231094827457745,6.584148511471808,0.004016765630457562,0.01105618098283135,0.016221553507617077,0.020466697117063865,0.025410408662242402,0.02759343346140412,0.0310728391412988,0.03231548402697547,0.032564013004110805,0.03422311185147371,0.03386039388484376,0.032355786023267684,0.031919181063435345,0.030844461162309572,0.029574948279104757,0.027848679437921492,0.027217281496010104,0.026908299524436442,0.025376823665332223,0.024624519734544183,0.024181197775329805,0.02296542088718128,0.02131303903920041,0.022293720948977674,0.022320588946505817,0.020856283081221956,0.020265187135602783,0.020688358096671054,0.01964050619307343,0.018955372256105753,0.018250087320991967,0.018028426341384778,0.01737687740132728,0.01714178242295602,0.015852118541605092,0.014374378677557162,0.014643058652838603,0.012896638813509229,0.01236599586232838,0.011761465917945135,0.011304709959966684,0.009820253096536715,0.010156103065638519,0.008651495204062441,0.008154437249791773,0.007334963325183374,0.007140170343104328,0.006058733442596523,0.00546763749697735,0.004903409548886322,0.004352615599559365,0.004184690615008463,0.00352642467556893,0.0032308767027593435,0.0026129127596120263,0.00260619576022999,0.0020755528090491415,0.0018404578306778796,0.0014374378677557162,0.001296380880732959,0.0008060399258443268,0.000826190923990435,0.0004970579542706682,7.388699320239662e-05,0.0004133333333333333,0.00612,0.02032,0.09060666666666667,0.10508,0.14962,0.17005333333333333,0.12287333333333333,0.1176,0.12834666666666666,0.08534666666666667,0.00362,0.0,0.0,0.0,0.0,0.0,0.0,0.0,0.0,0.0,0.0,0.0,0.0,0.0,0.0,0.0,0.0,0.0,0.0,0.0,0.0,0.0,0.0,0.0,0.0,0.0,0.0,0.0,0.0,0.0,0.0,0.0,0.0,0.0,0.0,0.0,0.0,0.0,0.0,0.0,0.0,0.0,0.0,0.0,0.0,0.0,0.0,0.0,0.0,0.0,0.0,0.0,0.0,0.02063858768228193,0.08056460659152823,0.15146760322632338,0.189840286309492,0.17452993963997648,0.12652235457507613,0.09801826825490091,0.08070482346028524,0.04821457187116073,0.02650098819507505,0.0029979701938998987,0.0,0.0,0.0,0.0,0.0,0.0,0.0,0.0,0.0,0.0,0.0,0.0,0.0,0.0,0.0,0.0,0.0,0.0,0.0,0.0,0.0,0.0,0.0,0.0,0.0,0.0,0.0,0.0,0.0,0.0,0.0,0.0,0.0,0.0,0.0,0.0,0.0,0.0,0.0,0.0,0.0,0.0,0.0,0.0,0.0,0.0,0.0,0.0,0.0,0.0,0.0,0.0,0.0,0.0037547774337204536,0.03977780315293833,0.11268362473719916,0.18861879269464055,0.22810776681421577,0.20306024436279613,0.14126426513161872,0.0646238169764302,0.01698717733430953,0.0011217313621311553,0.0,0.0,0.0,0.0,0.0,0.0,0.0,0.0,0.0,0.0,0.0,0.0,0.0,0.0,0.0,0.0,0.0,0.0,0.0,0.0,0.0,0.0,0.0,0.0,0.0,0.0,0.0,0.0,0.0,0.0,0.0,0.0,0.0,0.0,0.0,0.0,0.0,0.0,0.0,0.0,0.0,0.0,0.0,0.0,0.0,0.0,0.0,0.0,0.0,0.0,0.0,0.0,0.0,0.0,0.04602658154025599,0.24419104331010774,0.36865772430093,0.26192485957211703,0.07479511341661807,0.004397004205162835,7.673654808312103e-06,0.0,0.0,0.0,0.0,0.0,0.0,0.0,0.0,0.0,0.0,0.0,0.0,0.0,0.0,0.0,0.0,0.0,0.0,0.0,0.0,0.0,0.0,0.0,0.0,0.0,0.0,0.0,0.0,0.0,0.0,0.0,0.0,0.0,0.0,0.0,0.0,0.0,0.0,0.0,0.0,0.0,0.0,0.0,0.0,0.0,0.0,0.0,0.0,0.0,0.0,0.0,0.0,0.0,0.0,0.0,0.0,0.0
Bookset,D01096_full_norm.obj,3.3303971292618395,0.0033504294144222155,29096.098044465773,0.04485317943733359,0.6500012598814379,0.07891571509873525,2.070836871771373,0.0027204212958609293,0.00832247403844862,0.012903529158886038,0.016953934199390088,0.02119913483885702,0.02476590942676357,0.02730496930290044,0.03001867350914196,0.031288203447210394,0.03224203017316657,0.0335048430216156,0.0335048430216156,0.03266520681918938,0.03220844472506952,0.03189274151295727,0.030885178070045812,0.02994478552332845,0.02866853849564061,0.028137888415707243,0.02724451549632575,0.025927965930921452,0.025612262718809193,0.025054744280398188,0.02363072128108333,0.02321426172467993,0.02255598694197778,0.021138681032282333,0.020171420127087336,0.019224310490750567,0.019472842806668725,0.017860741298010397,0.017296505769979983,0.016537474642986688,0.015892634039523356,0.015281378884157072,0.015140320002149469,0.013340139984147669,0.012661713932587288,0.012090761314937463,0.011378749815280035,0.010518962343995594,0.009995029353681637,0.009128524792777785,0.008188132246060426,0.008154546797963378,0.00766419925574647,0.006730523798648522,0.006246893346051023,0.005749828714214705,0.005158724827706651,0.005118422289990193,0.004345956983758077,0.003929497427354676,0.003815306903824711,0.0032779397342719346,0.0025995136827115547,0.00225694211212166,0.001914370541531765,0.0016456869567553771,0.001242661579590795,0.0010747343391055524,0.000745596947754477,0.0003963082875451724,0.00024181522629874929,0.00022666666666666666,0.00284,0.007833333333333333,0.0182,0.0283,0.0446,0.05944666666666667,0.07538,0.08934666666666667,0.09733333333333333,0.0903,0.09002,0.06978666666666666,0.065,0.05916,0.05211333333333333,0.05584666666666667,0.045893333333333335,0.03443333333333334,0.01292,0.00102,0.0,0.0,0.0,0.0,0.0,0.0,0.0,0.0,0.0,0.0,0.0,0.0,0.0,0.0,0.0,0.0,0.0,0.0,0.0,0.0,0.0,0.0,0.0,0.0,0.0,0.0,0.0,0.0,0.0,0.0,0.0,0.0,0.0,0.0,0.0,0.0,0.0,0.0,0.0,0.0,0.0,0.0,0.0,0.0026373949215124626,0.017440191227824184,0.04133699230147761,0.06823174355173633,0.0916411273360976,0.10976236737909714,0.11844240129799892,0.11671974841255534,0.10299194092235375,0.08595904359380112,0.06881263812938591,0.05386962589053809,0.04251881230428193,0.03153523092228699,0.022808458359206512,0.014135101389473123,0.00813920103626251,0.0026307179723440766,0.000347201356756071,4.006169501031589e-05,0.0,0.0,0.0,0.0,0.0,0.0,0.0,0.0,0.0,0.0,0.0,0.0,0.0,0.0,0.0,0.0,0.0,0.0,0.0,0.0,0.0,0.0,0.0,0.0,0.0,0.0,0.0,0.0,0.0,0.0,0.0,0.0,0.0,0.0,0.0,0.0,0.0,0.0,0.0,0.0,0.0,0.0,0.0,0.0,0.00022166395744052016,0.004581055120437417,0.016315810685546165,0.04152504802719078,0.07145639937128041,0.10271773446001317,0.1252468530435133,0.13706893077367438,0.13446941709096283,0.11883203245697704,0.09357577548799656,0.0668148904442683,0.04439996238429813,0.02480621196448003,0.01173475556510875,0.004701962733586792,0.0012896812069266629,0.00022838104705992987,1.3434179238819405e-05,0.0,0.0,0.0,0.0,0.0,0.0,0.0,0.0,0.0,0.0,0.0,0.0,0.0,0.0,0.0,0.0,0.0,0.0,0.0,0.0,0.0,0.0,0.0,0.0,0.0,0.0,0.0,0.0,0.0,0.0,0.0,0.0,0.0,0.0,0.0,0.0,0.0,0.0,0.0,0.0,0.0,0.0,0.0,0.0,0.0,0.008549435537716518,0.05340711122708191,0.12842572198217972,0.19127251517639926,0.21425775703947014,0.1863838343527678,0.12671429996699948,0.0631154020306828,0.02209499543364978,0.005049846125509397,0.0006983829748044911,3.069815273865895e-05,0.0,0.0,0.0,0.0,0.0,0.0,0.0,0.0,0.0,0.0,0.0,0.0,0.0,0.0,0.0,0.0,0.0,0.0,0.0,0.0,0.0,0.0,0.0,0.0,0.0,0.0,0.0,0.0,0.0,0.0,0.0,0.0,0.0,0.0,0.0,0.0,0.0,0.0,0.0,0.0,0.0,0.0,0.0,0.0,0.0,0.0,0.0,0.0,0.0,0.0,0.0,0.0
Bookset,D01108_full_norm.obj,2.147861602868415,0.007705224966184552,1475.6924758242085,0.27273357424971617,0.496620631797764,0.4802379385369865,3.446957874709754,0.0037548026545581557,0.010606142024234934,0.01591257153604342,0.02115854805341358,0.024658104731454366,0.027156828501571778,0.028742040355732287,0.031522878099895214,0.03320212794540423,0.03371261989843897,0.033793223891023405,0.03300733496332518,0.033222278943550336,0.0316505010881539,0.03177140707703055,0.03018619522287004,0.02955479728095865,0.02843305838415863,0.027519546468201726,0.026874714527526263,0.026552298557188533,0.025544748649883126,0.024913350707971734,0.024302103764206454,0.023220666863698648,0.022367607942180068,0.021843681990381256,0.020668207098524946,0.019519600204196783,0.018673258282060238,0.018008275343238667,0.01686638544829254,0.01625513850452726,0.01505951261452484,0.014246755689298476,0.01318546978693678,0.01267497783390204,0.011895805905585857,0.011076331980977457,0.010216556060076843,0.009591875117547489,0.008913458179961847,0.00826190923990435,0.007502888309734276,0.006784169375856418,0.006589376393777372,0.005769902469168973,0.0053534485074827375,0.004789220559391709,0.004473521588436014,0.004144388618716247,0.0037212176576479753,0.0036137456675353987,0.00304951771944437,0.0027606867460168195,0.002465138773207233,0.0019479298207904566,0.001994948816464709,0.001417286869609608,0.0011956258900024182,0.0009806819097772643,0.0006179639431473172,0.00041645396168623553,0.00011418898949461297,0.0008,0.007233333333333333,0.018466666666666666,0.03151333333333333,0.05540666666666667,0.06998666666666667,0.0961,0.10563333333333333,0.11529333333333333,0.11206,0.10548666666666667,0.09528666666666667,0.09026,0.06248666666666667,0.028706666666666665,0.005233333333333334,4.6666666666666665e-05,0.0,0.0,0.0,0.0,0.0,0.0,0.0,0.0,0.0,0.0,0.0,0.0,0.0,0.0,0.0,0.0,0.0,0.0,0.0,0.0,0.0,0.0,0.0,0.0,0.0,0.0,0.0,0.0,0.0,0.0,0.0,0.0,0.0,0.0,0.0,0.0,0.0,0.0,0.0,0.0,0.0,0.0,0.0,0.0,0.0,0.0,0.0,0.008286259898775423,0.0420656223708986,0.08157392198496322,0.11565375318830709,0.13562490819010992,0.1341759811973345,0.12520198175820949,0.10627912877422112,0.08601418212411362,0.06969539147737136,0.050952819732115434,0.029532737737537226,0.011765020098019578,0.0028444373222226674,0.00033385414580078255,0.0,0.0,0.0,0.0,0.0,0.0,0.0,0.0,0.0,0.0,0.0,0.0,0.0,0.0,0.0,0.0,0.0,0.0,0.0,0.0,0.0,0.0,0.0,0.0,0.0,0.0,0.0,0.0,0.0,0.0,0.0,0.0,0.0,0.0,0.0,0.0,0.0,0.0,0.0,0.0,0.0,0.0,0.0,0.0,0.0,0.0,0.0,0.0,0.0,0.0012023428893844542,0.013494451758510438,0.04396947795480803,0.08589698809747709,0.12343158064429458,0.15144818506676697,0.16153711813858512,0.14937934925709986,0.11893119105833043,0.07699696391627932,0.04401649695048228,0.02076224508987345,0.007214057336306725,0.0015784948547784734,0.0001410569870227572,0.0,0.0,0.0,0.0,0.0,0.0,0.0,0.0,0.0,0.0,0.0,0.0,0.0,0.0,0.0,0.0,0.0,0.0,0.0,0.0,0.0,0.0,0.0,0.0,0.0,0.0,0.0,0.0,0.0,0.0,0.0,0.0,0.0,0.0,0.0,0.0,0.0,0.0,0.0,0.0,0.0,0.0,0.0,0.0,0.0,0.0,0.0,0.0,0.0,0.017833573774517327,0.10703981092114552,0.2235565855305565,0.27736425304644097,0.22265876791798397,0.11429141471500046,0.03344178765462415,0.0036910279627981215,0.00012277847693299365,0.0,0.0,0.0,0.0,0.0,0.0,0.0,0.0,0.0,0.0,0.0,0.0,0.0,0.0,0.0,0.0,0.0,0.0,0.0,0.0,0.0,0.0,0.0,0.0,0.0,0.0,0.0,0.0,0.0,0.0,0.0,0.0,0.0,0.0,0.0,0.0,0.0,0.0,0.0,0.0,0.0,0.0,0.0,0.0,0.0,0.0,0.0,0.0,0.0,0.0,0.0,0.0,0.0,0.0,0.0
Bookset,D01109_full_norm.obj,1.0444443765609694,0.006939798715578548,209.17502325054275,0.2169429510570888,0.41406756164543196,0.4235283700866905,2.0594810035336457,0.0028883291351805207,0.007516372795969773,0.011586901763224182,0.015120067170445005,0.018028547439126782,0.020607892527287994,0.022999160369437447,0.02584718723761545,0.027707808564231738,0.029346767422334174,0.030777497900923594,0.03263811922753988,0.034357682619647355,0.0350159529806885,0.03416288832913518,0.0350159529806885,0.03425020990764064,0.0347808564231738,0.033188916876574305,0.03224181360201511,0.03201343408900084,0.030575986565910998,0.029353484466834594,0.028601175482787573,0.02684130982367758,0.02582703610411419,0.02395298068849706,0.02362384550797649,0.02185054575986566,0.02066834592779177,0.0189487825356843,0.017968094038623005,0.017020990764063812,0.015764903442485306,0.015012594458438288,0.013608732157850545,0.01270193115029387,0.01127120067170445,0.010041981528127623,0.00982031905961377,0.008201511335012594,0.007771620486985726,0.0072141057934508816,0.006481947942905122,0.006246851385390428,0.005158690176322418,0.004574307304785894,0.004104114189756507,0.0037010915197313184,0.0036272040302267002,0.0032376154492023508,0.002834592779177162,0.002445004198152813,0.0020419815281276237,0.0015986565910999161,0.0014643157010915198,0.0014240134340890009,0.0011486146095717885,0.0010948782535684298,0.0008194794290512174,0.0005306465155331654,0.000436607892527288,0.0002149454240134341,8.060453400503778e-05,0.0,0.0019,0.0051066666666666665,0.013146666666666666,0.02774,0.08672666666666666,0.12867333333333333,0.13331333333333334,0.16040666666666667,0.16262,0.15448666666666666,0.08244666666666667,0.03971333333333334,0.00372,0.0,0.0,0.0,0.0,0.0,0.0,0.0,0.0,0.0,0.0,0.0,0.0,0.0,0.0,0.0,0.0,0.0,0.0,0.0,0.0,0.0,0.0,0.0,0.0,0.0,0.0,0.0,0.0,0.0,0.0,0.0,0.0,0.0,0.0,0.0,0.0,0.0,0.0,0.0,0.0,0.0,0.0,0.0,0.0,0.0,0.0,0.0,0.0,0.0,0.0,0.0090540035254527,0.03944100208322205,0.0766919502163346,0.10554324021152717,0.13633085839431655,0.16258479782062923,0.15885903530794296,0.13437449922546874,0.09265664227338283,0.05652075209657604,0.02324261524491213,0.004540355750227018,0.00016024785000801238,0.0,0.0,0.0,0.0,0.0,0.0,0.0,0.0,0.0,0.0,0.0,0.0,0.0,0.0,0.0,0.0,0.0,0.0,0.0,0.0,0.0,0.0,0.0,0.0,0.0,0.0,0.0,0.0,0.0,0.0,0.0,0.0,0.0,0.0,0.0,0.0,0.0,0.0,0.0,0.0,0.0,0.0,0.0,0.0,0.0,0.0,0.0,0.0,0.0,0.0,0.0,0.001423994304022784,0.013487644162630897,0.043525863632394524,0.08474781195214842,0.12267845268241569,0.15121207439698542,0.16784325315528928,0.16143527878718675,0.12971110379709425,0.08238344405112946,0.03386688340039093,0.007267744513927605,0.0003963003015912465,2.0150862792775245e-05,0.0,0.0,0.0,0.0,0.0,0.0,0.0,0.0,0.0,0.0,0.0,0.0,0.0,0.0,0.0,0.0,0.0,0.0,0.0,0.0,0.0,0.0,0.0,0.0,0.0,0.0,0.0,0.0,0.0,0.0,0.0,0.0,0.0,0.0,0.0,0.0,0.0,0.0,0.0,0.0,0.0,0.0,0.0,0.0,0.0,0.0,0.0,0.0,0.0,0.0,0.01706607733449972,0.09806855590598311,0.19858498891165388,0.2539576570976925,0.23095989011410636,0.1436573892891948,0.0516126061833836,0.006046793587943246,4.604157554271507e-05,0.0,0.0,0.0,0.0,0.0,0.0,0.0,0.0,0.0,0.0,0.0,0.0,0.0,0.0,0.0,0.0,0.0,0.0,0.0,0.0,0.0,0.0,0.0,0.0,0.0,0.0,0.0,0.0,0.0,0.0,0.0,0.0,0.0,0.0,0.0,0.0,0.0,0.0,0.0,0.0,0.0,0.0,0.0,0.0,0.0,0.0,0.0,0.0,0.0,0.0,0.0,0.0,0.0,0.0,0.0
Bookset,D01110_full_norm.obj,0.9900161085052909,0.013592348838565386,46.43927017606298,0.198964671606481,0.4829258490954638,0.6739278627367798,2.2866284550186635,0.002438287153652393,0.006636439966414777,0.010344248530646515,0.01382367758186398,0.016873215785054577,0.01994962216624685,0.023146935348446685,0.025323257766582702,0.0268816120906801,0.028896725440806046,0.030414777497900922,0.03152980688497061,0.03345088161209068,0.0327791771620487,0.03275230898404702,0.03464651553316541,0.03457262804366079,0.03408228379513014,0.03337699412258606,0.03236272040302267,0.03118052057094878,0.03056255247691016,0.029951301427371957,0.02907136859781696,0.027190596137699412,0.02585390428211587,0.024483627204030228,0.022710327455919395,0.021366918555835432,0.01975482787573468,0.01930478589420655,0.017732997481108313,0.01662468513853904,0.015845507976490345,0.013890848026868179,0.013830394626364399,0.01307808564231738,0.012057094878253568,0.011103274559193955,0.009921074727120067,0.009605373635600337,0.008853064651553317,0.008255247691015953,0.00726784214945424,0.0066095717884130985,0.0059109991603694375,0.005205709487825357,0.0051116708648194795,0.004963895885810243,0.003828715365239295,0.0038018471872376153,0.0031435768261964736,0.002868178001679261,0.0026935348446683457,0.0025726280436607894,0.002075566750629723,0.0018807724601175482,0.0015180520570948783,0.001383711167086482,0.0009941225860621327,0.000651553316540722,0.0005507976490344248,0.0003425692695214106,0.00011418975650713686,0.0,0.004193333333333334,0.0071066666666666665,0.018913333333333334,0.037546666666666666,0.06188,0.07421333333333334,0.11972,0.16322666666666666,0.16968666666666668,0.13823333333333335,0.09124666666666667,0.05273333333333333,0.030326666666666665,0.017166666666666667,0.010246666666666666,0.0031666666666666666,0.0003933333333333333,0.0,0.0,0.0,0.0,0.0,0.0,0.0,0.0,0.0,0.0,0.0,0.0,0.0,0.0,0.0,0.0,0.0,0.0,0.0,0.0,0.0,0.0,0.0,0.0,0.0,0.0,0.0,0.0,0.0,0.0,0.0,0.0,0.0,0.0,0.0,0.0,0.0,0.0,0.0,0.0,0.0,0.0,0.0,0.0,0.0,0.0,0.006456739179787134,0.03076799807700012,0.068259818650428,0.09798619179252968,0.13217953340544583,0.14810437616014316,0.15642402147349865,0.1381822309469439,0.10531762883431486,0.0639531001695979,0.03277780003472083,0.013300749168703177,0.004727374704539081,0.0014021874123632868,0.00016024998998437562,0.0,0.0,0.0,0.0,0.0,0.0,0.0,0.0,0.0,0.0,0.0,0.0,0.0,0.0,0.0,0.0,0.0,0.0,0.0,0.0,0.0,0.0,0.0,0.0,0.0,0.0,0.0,0.0,0.0,0.0,0.0,0.0,0.0,0.0,0.0,0.0,0.0,0.0,0.0,0.0,0.0,0.0,0.0,0.0,0.0,0.0,0.0,0.0,0.0,0.0009403735969961781,0.009564942872303982,0.030871121798531673,0.06528879544859179,0.10450909139759668,0.13941710270894767,0.15630352572929332,0.1583857815512134,0.1339830867091626,0.09812798484655118,0.06038541883568315,0.029500863128622958,0.010102299213444656,0.002250179678526569,0.00033584771321292075,2.0150862792775245e-05,1.343390852851683e-05,0.0,0.0,0.0,0.0,0.0,0.0,0.0,0.0,0.0,0.0,0.0,0.0,0.0,0.0,0.0,0.0,0.0,0.0,0.0,0.0,0.0,0.0,0.0,0.0,0.0,0.0,0.0,0.0,0.0,0.0,0.0,0.0,0.0,0.0,0.0,0.0,0.0,0.0,0.0,0.0,0.0,0.0,0.0,0.0,0.0,0.0,0.0,0.01716557063820318,0.09089234877492922,0.1967863473476623,0.26010021562473623,0.2300585486383413,0.13809191292136988,0.05413638840077042,0.011510217236166638,0.0012200830270336636,3.836739078722212e-05,0.0,0.0,0.0,0.0,0.0,0.0,0.0,0.0,0.0,0.0,0.0,0.0,0.0,0.0,0.0,0.0,0.0,0.0,0.0,0.0,0.0,0.0,0.0,0.0,0.0,0.0,0.0,0.0,0.0,0.0,0.0,0.0,0.0,0.0,0.0,0.0,0.0,0.0,0.0,0.0,0.0,0.0,0.0,0.0,0.0,0.0,0.0,0.0,0.0,0.0,0.0,0.0,0.0,0.0
Bookset,D01122_full_norm.obj,0.161884600196062,0.002034084617176166,9.066219025592972,0.4016103757656302,0.2477077286074951,0.6715077707015898,2.612299126538429,0.003318175406543657,0.008362608059001726,0.013561530659537739,0.01750438281265743,0.020741954768029983,0.024100431900159192,0.027217098678775097,0.03012553987519899,0.03138832727687957,0.032630963815767376,0.034384088878738825,0.0346460500950449,0.03499533171678634,0.03496174694546505,0.035055784305164664,0.034639333140780645,0.032993679346037336,0.03242945518783963,0.03188538189243469,0.031166667786159043,0.028802299885140083,0.0280567179618074,0.02691483573688347,0.026337177670157245,0.024987069863041302,0.023999677586195315,0.022011459123974824,0.020479993551723908,0.020520295277309458,0.019459016503556626,0.01758498626382853,0.016281897136562397,0.01597963419467077,0.014770582427104254,0.013574964568066256,0.012950287821490223,0.011465840929089114,0.010431429972393318,0.010189619618880015,0.008920115262935175,0.00855739973266522,0.007737931312425694,0.0070460850232070766,0.0063072200541386516,0.00589076888975463,0.0057698637129979784,0.004876508795851609,0.004305567683389644,0.004003304741498015,0.0037950791593060044,0.003163685458465713,0.0030696480987660955,0.0024046696266045125,0.0023912357180759956,0.0022300288157337937,0.00177999288002848,0.0015919181606292442,0.001423994304022784,0.0011620330877167057,0.0009538075055246949,0.0007321480148041672,0.0005306393868764148,0.00037614943879847124,7.388649690684257e-05,0.008226666666666667,0.031146666666666666,0.07164666666666666,0.17378,0.20875333333333335,0.19646666666666668,0.19341333333333333,0.11248666666666667,0.00408,0.0,0.0,0.0,0.0,0.0,0.0,0.0,0.0,0.0,0.0,0.0,0.0,0.0,0.0,0.0,0.0,0.0,0.0,0.0,0.0,0.0,0.0,0.0,0.0,0.0,0.0,0.0,0.0,0.0,0.0,0.0,0.0,0.0,0.0,0.0,0.0,0.0,0.0,0.0,0.0,0.0,0.0,0.0,0.0,0.0,0.0,0.0,0.0,0.0,0.0,0.0,0.0,0.0,0.0,0.0,0.030533688547029092,0.13638336371345205,0.23264493987407273,0.2659963009701607,0.19626892080470593,0.09383116666332819,0.04125019196228859,0.0030914274649627093,0.0,0.0,0.0,0.0,0.0,0.0,0.0,0.0,0.0,0.0,0.0,0.0,0.0,0.0,0.0,0.0,0.0,0.0,0.0,0.0,0.0,0.0,0.0,0.0,0.0,0.0,0.0,0.0,0.0,0.0,0.0,0.0,0.0,0.0,0.0,0.0,0.0,0.0,0.0,0.0,0.0,0.0,0.0,0.0,0.0,0.0,0.0,0.0,0.0,0.0,0.0,0.0,0.0,0.0,0.0,0.0,0.007852225020990764,0.06962216624685139,0.19560033585222503,0.2817934508816121,0.2552342569269521,0.14218639798488664,0.04356675062972292,0.004144416456759026,0.0,0.0,0.0,0.0,0.0,0.0,0.0,0.0,0.0,0.0,0.0,0.0,0.0,0.0,0.0,0.0,0.0,0.0,0.0,0.0,0.0,0.0,0.0,0.0,0.0,0.0,0.0,0.0,0.0,0.0,0.0,0.0,0.0,0.0,0.0,0.0,0.0,0.0,0.0,0.0,0.0,0.0,0.0,0.0,0.0,0.0,0.0,0.0,0.0,0.0,0.0,0.0,0.0,0.0,0.0,0.0,0.08987108655616943,0.3768876611418048,0.3934622467771639,0.13145334561080418,0.008325659914057704,0.0,0.0,0.0,0.0,0.0,0.0,0.0,0.0,0.0,0.0,0.0,0.0,0.0,0.0,0.0,0.0,0.0,0.0,0.0,0.0,0.0,0.0,0.0,0.0,0.0,0.0,0.0,0.0,0.0,0.0,0.0,0.0,0.0,0.0,0.0,0.0,0.0,0.0,0.0,0.0,0.0,0.0,0.0,0.0,0.0,0.0,0.0,0.0,0.0,0.0,0.0,0.0,0.0,0.0,0.0,0.0,0.0,0.0,0.0
Bookset,D01135_full_norm.obj,1000.4459972046001,141.27701659919936,443.593883288223,0.7882045905082053,11.6169868969728,0.9261020734552361,6.87698645879707,0.005030998743929553,0.013521228933952188,0.01941199782370682,0.02478556123511355,0.029292637546430945,0.03257722818165331,0.03402137334846887,0.03457216359813806,0.0338870342631837,0.034041524211261644,0.033201904928229345,0.030528557131054495,0.030830820072946123,0.028278377452527925,0.02770743634006596,0.026276725081778918,0.02555129402123901,0.02356307555901852,0.023677263781510912,0.022945115766706745,0.022045043895296115,0.02186368613016114,0.02080240735640831,0.020265051015267637,0.01885449061977337,0.019512752137670696,0.017893966159984415,0.017464081087071877,0.016611027895511058,0.016577443124189767,0.01614755805127723,0.015267637042659377,0.014965374100767748,0.014206358268906547,0.013843642738636593,0.01360183238512329,0.012930136958697448,0.012103951584193664,0.01186214123068036,0.01080086245692753,0.010478448652243127,0.010585919920471261,0.009994827945216521,0.009692565003324893,0.00902758653116331,0.008953700034256466,0.008691738817950389,0.00805362816284584,0.007603592227140525,0.00732819710230593,0.006676652538672864,0.006119145334739416,0.005581788993598742,0.005044432652458069,0.004816056207473283,0.004023455604290791,0.003714475708134903,0.0031502515499371967,0.0026330460715892987,0.002364367901018962,0.0017464081087071879,0.001296372173001874,0.0008463362372965603,0.00025524426204181973,0.0,0.0,0.0,0.0,0.0,0.0,0.0,0.0,0.0,0.0,0.002014388489208633,0.0,0.0028776978417266188,0.0017266187050359713,0.00028776978417266187,0.0028776978417266188,0.004892086330935252,0.002589928057553957,0.005467625899280576,0.0060431654676258995,0.006618705035971223,0.004028776978417266,0.005467625899280576,0.007482014388489209,0.007194244604316547,0.008920863309352519,0.007194244604316547,0.008920863309352519,0.010359712230215827,0.012086330935251799,0.016115107913669064,0.014388489208633094,0.010647482014388488,0.019568345323741007,0.014100719424460431,0.012086330935251799,0.01697841726618705,0.01841726618705036,0.014676258992805755,0.013237410071942447,0.017841726618705037,0.013237410071942447,0.016115107913669064,0.01841726618705036,0.019856115107913668,0.018992805755395685,0.02273381294964029,0.033093525179856115,0.025035971223021584,0.028201438848920863,0.029928057553956836,0.025323741007194246,0.029928057553956836,0.030215827338129497,0.025611510791366907,0.03251798561151079,0.023597122302158272,0.036546762589928054,0.04143884892086331,0.036546762589928054,0.06158273381294964,0.0520863309352518,0.05352517985611511,0.050359712230215826,5.64748404585757e-05,5.64748404585757e-05,0.00016942452137572712,0.0010730219687129384,0.000564748404585757,0.0012989213305472412,0.0010730219687129384,0.0012424464900886655,0.00197661941605015,0.001694245213757271,0.0022025187778844523,0.003049641384763088,0.0021460439374258768,0.002880216863387361,0.003275540746597391,0.004743886598520359,0.004913311119896086,0.005308635003106116,0.0061557576099847515,0.006325182131360479,0.007850002823742023,0.00841475122832778,0.00971367255887502,0.010786694527587959,0.00841475122832778,0.010334895803919353,0.009148924154289265,0.011916191336759474,0.010165471282543626,0.012085615858135201,0.011859716496300897,0.013949285593268199,0.012932738465013836,0.015474106285649743,0.01445755915739538,0.016321228892528378,0.0199920935223358,0.020669791607838706,0.01852374767041283,0.021008640650590164,0.02191223809792737,0.02106511549104874,0.022138137459761675,0.022307561981137404,0.02338058394985034,0.023324109109391766,0.02445360591856328,0.024623030439939006,0.02338058394985034,0.026882024058282036,0.026712599536906308,0.028237420229287852,0.027898571186536398,0.026769074377364883,0.03117411193313379,0.03179533517817812,0.03428022815835545,0.0318518100186367,0.03247303326368103,0.033941379115604,0.03591799853165415,0.03687807081944994,0.038064042469080024,0.03631332241486418,0.0,0.0,0.0,0.0,0.00027199782401740786,0.0,0.00027199782401740786,0.00027199782401740786,0.0004079967360261118,0.00013599891200870393,0.0004079967360261118,0.0006799945600435197,0.0014959880320957431,0.0014959880320957431,0.0009519923840609275,0.0012239902080783353,0.001903984768121855,0.0013599891200870393,0.0014959880320957431,0.003399972800217598,0.0036719706242350062,0.003399972800217598,0.0029919760641914863,0.00448796409628723,0.0036719706242350062,0.005711954304365565,0.006119951040391677,0.005711954304365565,0.006119951040391677,0.007751937984496124,0.008023935808513532,0.0069359445124439,0.009247926016591867,0.011015911872705019,0.009791921664626682,0.011015911872705019,0.0103359173126615,0.014687882496940025,0.01455188358493132,0.016183870529035766,0.014687882496940025,0.01944784441724466,0.018495852033183734,0.022575819393444854,0.022439820481436147,0.023255813953488372,0.02597579219366245,0.028831769345845235,0.030871753025975793,0.028831769345845235,0.031007751937984496,0.03236774105807153,0.031415748674010605,0.03250373997008024,0.03671970624235006,0.039031687746498026,0.03916768665850673,0.044471644226846185,0.044063647490820076,0.05045559635522916,0.04882360941112471,0.04678362573099415,0.05235958112335101,0.05820753433972528,0.0,6.360918516633803e-05,0.00010601530861056337,0.0001484214320547887,0.0002544367406653521,0.0003604520492759154,0.0006572949133854929,0.0007845132837181689,0.0010389500243835209,0.0013357928884930985,0.0018022602463795773,0.0017386510612132393,0.0020991031104891545,0.0026291796535419716,0.003307677628649577,0.003371286813815915,0.0039437694803129576,0.004346627653033098,0.005427983800860845,0.005958060343913661,0.006021669529079999,0.0067213705659097175,0.007442274664461548,0.00807836651612493,0.008502427750567181,0.009329347157729576,0.009965439009392956,0.01151326251510718,0.011916120687827322,0.013103492144265632,0.0123825880457138,0.013781990119373238,0.01450289421792507,0.014545300341369295,0.01562665648919704,0.016941246315968026,0.018616288192014926,0.019252380043678307,0.020672985179059855,0.02031253312978394,0.021012234166613658,0.023344570956046053,0.023620210758433517,0.02412908423976422,0.02412908423976422,0.024531942412484364,0.025994953671310137,0.026567436337807178,0.028348493522464643,0.028899773127239573,0.02809405678179929,0.028284884337298307,0.03131692216356042,0.028602930263129996,0.03038398744778746,0.033182791595106335,0.0334584313974938,0.03275873036066408,0.03275873036066408,0.033119182409939996,0.03490023959459746,0.03470941203909845,0.03367046201471492,0.03557873756970507
Bookset,D01146_full_norm.obj,0.8626766487420828,0.01729220809874366,18.984136486646516,0.4523787028562006,0.47183969358386174,0.8687544535412467,4.579560553725414,0.0028681972674879427,0.0076037454491717825,0.01219151765922861,0.016470303746792588,0.020876714537125356,0.022864973064470627,0.026740733774870025,0.02909843223128283,0.03202036621572605,0.03404221019116837,0.03456614318148233,0.036930558727514544,0.03754853097250024,0.03727313029810444,0.03635960610986472,0.0363461719306259,0.03658798715692465,0.03545951610086382,0.03461987989843761,0.033498125931996185,0.03248384539946532,0.030529172320217096,0.029622365221596787,0.028064000429893737,0.02571301906310034,0.024403186587315447,0.022629874927791286,0.021702916560312747,0.020366215726050216,0.01939223773123581,0.016859894944718352,0.015926219487620404,0.014159624917715653,0.013474481776535863,0.01283635826269194,0.011573545414242917,0.010552547792092642,0.009518115990703548,0.008806104491046119,0.007926165750903448,0.007469403656783589,0.0063409326007227585,0.005722960355737067,0.005010948856079638,0.004164595564034015,0.003996668323548773,0.003674248021817107,0.0032174859276972475,0.002841328909010304,0.0026599674892862422,0.002350981366793396,0.0019546730792482235,0.001598667329419509,0.001511345164367183,0.0014307400889342666,0.0012963982965460725,0.0010277147117696845,0.0007657482166127061,0.0007724653062321158,0.000584386796888644,0.00048363045259749857,0.00037615701868694333,0.00020822977820170077,3.358544809704851e-05,0.0,0.0008133333333333333,0.013733333333333334,0.025653333333333334,0.04496,0.05764,0.08894666666666666,0.12484666666666666,0.17337333333333332,0.16364666666666666,0.11521333333333333,0.08587333333333333,0.0541,0.028306666666666667,0.015546666666666667,0.006846666666666667,0.0005,0.0,0.0,0.0,0.0,0.0,0.0,0.0,0.0,0.0,0.0,0.0,0.0,0.0,0.0,0.0,0.0,0.0,0.0,0.0,0.0,0.0,0.0,0.0,0.0,0.0,0.0,0.0,0.0,0.0,0.0,0.0,0.0,0.0,0.0,0.0,0.0,0.0,0.0,0.0,0.0,0.0,0.0,0.0,0.0,0.0,0.0,0.0,0.00685059558784253,0.031976123070348805,0.06989477057849473,0.10802040489290102,0.1320842903691042,0.1455117248010256,0.15111372255755567,0.13648442925057422,0.10628438651781422,0.064619945515731,0.03128839271406442,0.012218898563110946,0.0032249879814112495,0.0004206506062710325,6.67699375033385e-06,0.0,0.0,0.0,0.0,0.0,0.0,0.0,0.0,0.0,0.0,0.0,0.0,0.0,0.0,0.0,0.0,0.0,0.0,0.0,0.0,0.0,0.0,0.0,0.0,0.0,0.0,0.0,0.0,0.0,0.0,0.0,0.0,0.0,0.0,0.0,0.0,0.0,0.0,0.0,0.0,0.0,0.0,0.0,0.0,0.0,0.0,0.0,0.0,0.0,0.001141912905630974,0.011425846191048746,0.036688989944449295,0.076192459344542,0.11824843994545686,0.14871736312158684,0.1589408421943536,0.1525192613838641,0.12652394994391192,0.0889818838876089,0.05198390574516534,0.02208593902185084,0.005897644300847031,0.0005978249917715099,5.373707791204584e-05,0.0,0.0,0.0,0.0,0.0,0.0,0.0,0.0,0.0,0.0,0.0,0.0,0.0,0.0,0.0,0.0,0.0,0.0,0.0,0.0,0.0,0.0,0.0,0.0,0.0,0.0,0.0,0.0,0.0,0.0,0.0,0.0,0.0,0.0,0.0,0.0,0.0,0.0,0.0,0.0,0.0,0.0,0.0,0.0,0.0,0.0,0.0,0.0,0.0,0.015354629793046293,0.0924116974501032,0.1986586760180787,0.258542499558775,0.22975160951204351,0.13979542507232254,0.05334602015055364,0.011264665935128416,0.00086710303179122,7.673478157444424e-06,0.0,0.0,0.0,0.0,0.0,0.0,0.0,0.0,0.0,0.0,0.0,0.0,0.0,0.0,0.0,0.0,0.0,0.0,0.0,0.0,0.0,0.0,0.0,0.0,0.0,0.0,0.0,0.0,0.0,0.0,0.0,0.0,0.0,0.0,0.0,0.0,0.0,0.0,0.0,0.0,0.0,0.0,0.0,0.0,0.0,0.0,0.0,0.0,0.0,0.0,0.0,0.0,0.0,0.0
Bookset,D01182_full_norm.obj,0.45259746043398097,0.001817396816028893,248.19009146578202,0.09740459720375252,0.3318566970158743,0.2759903523478041,4.6784473398483035,0.003163770462071699,0.008248641459499035,0.013346946726404385,0.01786757840575524,0.021837405036507627,0.02472577297428009,0.028776205221900546,0.030710740026734195,0.033491633808682565,0.03511046328078295,0.03595682225789767,0.037528631786825015,0.038529484862936864,0.03713903797196268,0.03666883854023228,0.03673600988762234,0.036225507647457904,0.03461339531009652,0.03249749786730972,0.03148321052171985,0.030233823460264788,0.028353025733343185,0.027493232486750452,0.025202689540749498,0.024436936180502845,0.022193413177674932,0.021588871051164416,0.02021185842966824,0.0191102483324713,0.017330207626634783,0.016551019996910117,0.015516581247103235,0.014253759916170158,0.012903615833630007,0.011526603212133833,0.011378826247875706,0.010626507157107064,0.009471159981998078,0.008752426564924465,0.008215055785804008,0.007509756638208406,0.006824608894829822,0.00626036957675334,0.0055550704291577385,0.005118456671122366,0.004990831111081257,0.004084017921315484,0.004070583651837472,0.0035869499506290597,0.0031436190578546814,0.002982407824118544,0.0024786227186931143,0.002283825811261948,0.0020823117690917763,0.0016389808763173982,0.0015583752594493293,0.0013501440825401518,0.0011553471751089856,0.000893378920287762,0.000893378920287762,0.0006112592612495214,0.000497067970686424,0.0002619682548212235,0.0001612112337361375,0.004753333333333333,0.021066666666666668,0.0569,0.10166,0.16782,0.20367333333333335,0.18182,0.12958666666666666,0.08798666666666667,0.03724,0.007493333333333334,0.0,0.0,0.0,0.0,0.0,0.0,0.0,0.0,0.0,0.0,0.0,0.0,0.0,0.0,0.0,0.0,0.0,0.0,0.0,0.0,0.0,0.0,0.0,0.0,0.0,0.0,0.0,0.0,0.0,0.0,0.0,0.0,0.0,0.0,0.0,0.0,0.0,0.0,0.0,0.0,0.0,0.0,0.0,0.0,0.0,0.0,0.0,0.0,0.0,0.0,0.0,0.0,0.0,0.0180814198054311,0.09639640241174624,0.18689030293722916,0.23165316792083704,0.20977919034233175,0.14376331234517617,0.07759386246636442,0.029345583472994718,0.005862439656266066,0.0006343186416233216,0.0,0.0,0.0,0.0,0.0,0.0,0.0,0.0,0.0,0.0,0.0,0.0,0.0,0.0,0.0,0.0,0.0,0.0,0.0,0.0,0.0,0.0,0.0,0.0,0.0,0.0,0.0,0.0,0.0,0.0,0.0,0.0,0.0,0.0,0.0,0.0,0.0,0.0,0.0,0.0,0.0,0.0,0.0,0.0,0.0,0.0,0.0,0.0,0.0,0.0,0.0,0.0,0.0,0.0,0.0044012014271987525,0.04582624997480228,0.14349260530966315,0.2421735887598019,0.25037124637992786,0.18243147900526127,0.09227740335835187,0.03265624265066556,0.005866028772434369,0.000503954361892987,0.0,0.0,0.0,0.0,0.0,0.0,0.0,0.0,0.0,0.0,0.0,0.0,0.0,0.0,0.0,0.0,0.0,0.0,0.0,0.0,0.0,0.0,0.0,0.0,0.0,0.0,0.0,0.0,0.0,0.0,0.0,0.0,0.0,0.0,0.0,0.0,0.0,0.0,0.0,0.0,0.0,0.0,0.0,0.0,0.0,0.0,0.0,0.0,0.0,0.0,0.0,0.0,0.0,0.0,0.0491409541202741,0.2654563033786324,0.38687374826387555,0.23683422985136474,0.05755108618083318,0.004120657770547656,2.3020434472333273e-05,0.0,0.0,0.0,0.0,0.0,0.0,0.0,0.0,0.0,0.0,0.0,0.0,0.0,0.0,0.0,0.0,0.0,0.0,0.0,0.0,0.0,0.0,0.0,0.0,0.0,0.0,0.0,0.0,0.0,0.0,0.0,0.0,0.0,0.0,0.0,0.0,0.0,0.0,0.0,0.0,0.0,0.0,0.0,0.0,0.0,0.0,0.0,0.0,0.0,0.0,0.0,0.0,0.0,0.0,0.0,0.0,0.0
Bookset,D01183_full_norm.obj,27.60368878630251,2.055580927419732,44.01288476520032,0.3042975102638227,2.708728052322436,0.6056742872968119,5.357569268421339,0.0026532503996668324,0.006932036487230813,0.010854816824966078,0.014777597162701345,0.019049666160645917,0.021487969692491636,0.02480621196448003,0.027365423109475127,0.02955519432540269,0.03111355911710574,0.03292045622472695,0.033256310705697435,0.034982602737885726,0.03443851847871354,0.03458629445034055,0.035116944530273926,0.03373322406867552,0.03312196891330924,0.03336378413960799,0.0317785509894273,0.030831441353090534,0.02998508806104491,0.02909171514166342,0.02772814594892325,0.025652565256525654,0.024866665771054716,0.023039617394575277,0.021380496258581082,0.020359498636430808,0.019143705415317652,0.018183161599742065,0.017645794430189286,0.016537474642986688,0.014549216115641415,0.014011848946088638,0.012749036097639615,0.011674301758534062,0.010908553541921356,0.00992785845748754,0.00944422800489004,0.008779236132568482,0.007926165750903448,0.007509706194500047,0.006837997232559077,0.005830433789647621,0.005823716700028212,0.005272915351236617,0.004916909601407902,0.004614640568534466,0.003795155634966482,0.003768287276488843,0.003627228394481239,0.003042841597592595,0.002747289654338568,0.002350981366793396,0.002162902857449924,0.001780028749143571,0.0016188185982777383,0.0013098324757848919,0.0008732216505232613,0.0008262020231873934,0.0005037817214557276,0.0003627228394481239,0.00011419052352996493,0.0,0.0,0.0,0.0,0.0,0.0,0.0,0.0,0.000496701077013502,0.0006539897514011109,0.0018377939849499574,0.002284824954262109,0.002748412626141378,0.003253392054438438,0.004486866395688635,0.004404082882853051,0.005058072634254162,0.004586206611091335,0.0049504540675679035,0.005405763388163613,0.005645835575386806,0.0062832686242208,0.005645835575386806,0.006150815003683866,0.006531619162727551,0.006854474862786328,0.007475351209053205,0.0075581347218887885,0.009569774083793472,0.011192330935370911,0.011970495956025397,0.014826527148853035,0.01596066127470053,0.016449084000430474,0.016713991241504342,0.01668087783637011,0.0192471667342732,0.02072899161403015,0.02538142503538995,0.02519930130715167,0.025298641522554368,0.027624858233234267,0.026937755076698926,0.02731028088445905,0.026730796294609966,0.027955992284576604,0.027848373717890344,0.025571827114911794,0.027144713858787885,0.025513878655926886,0.027484126261413777,0.02903217795143919,0.027624858233234267,0.030240817238838712,0.03500914757816833,0.032682930867488434,0.031308724554417744,0.03289816800086095,0.03349420929327715,0.03459523001399041,0.03249252878796659,0.031151435880030134,0.028403023253888757,0.029412982110482877,0.00012201983500206756,0.0005558681372316411,0.0009287065219601809,0.001484574659191822,0.0019590962397554182,0.0025217432567093963,0.0031792945897760935,0.0039724235172895325,0.004575743812577533,0.0058908464787109285,0.007524556491794166,0.009083698827931697,0.010473369171010799,0.011212267060745542,0.012181646861039744,0.01249347532826725,0.0137272314377326,0.014106848702183478,0.015550750083041277,0.016764169553339616,0.018336869648921818,0.020133272775341146,0.021807656066758406,0.022105926774541238,0.022580448355104834,0.023604059193177734,0.024329399323467803,0.024417524759858186,0.02503440281459086,0.025624165350434186,0.027135855528515357,0.027122297769070682,0.028051004291030864,0.028959374173824035,0.02782730126019374,0.027305327521573785,0.026647776188507086,0.026579987391283717,0.024742910986530368,0.02471579546764102,0.023807425584847847,0.02426838940596677,0.023027854416779084,0.02203813797731787,0.0213127978470278,0.021204335771470406,0.019929906383671033,0.01958418351783184,0.018553793800036605,0.01728614329195957,0.017455615285018,0.0160117139041602,0.015503297924984918,0.014405119409966308,0.013483191767728464,0.011374960174081631,0.010066636387670573,0.009673461363775022,0.007965183673746077,0.007463546574293133,0.006582292210389311,0.005219737386199557,0.0046909847678572635,0.0037216049675630604,1.3815875822908103e-05,0.00011052700658326482,0.0003592127713956107,0.0001450666961405351,0.0003730286472185188,0.0005111874054475998,0.0006838858532339511,0.0009394795559577511,0.00160264159545734,0.002100013125082032,0.002687187847555626,0.0036473912172477396,0.003958248423263172,0.004911543855043831,0.0057474043423297715,0.007122083986709127,0.008089195294312694,0.009422427311223327,0.010582960880347608,0.01213724691042477,0.013684625002590477,0.014548117241522234,0.015618847617797612,0.017829387749462907,0.0188379466845352,0.02073072167227361,0.022271191826527863,0.023956728676922653,0.023770214353313394,0.025393579762505093,0.026208716436056673,0.027244907122774782,0.027203459495306056,0.028391624816076152,0.028819916966586305,0.027970240603477456,0.029945910846153313,0.029192945613804824,0.02946235519235153,0.029572882198934797,0.028688666146268676,0.028495243884747962,0.02810149142379508,0.02818438667873253,0.02733471031562368,0.026671548276124096,0.025766608409723613,0.024032715993948645,0.022775471294064008,0.022430074398491307,0.02075144548600797,0.01965999129599823,0.018271495775795968,0.017297476530280947,0.015929704823813045,0.01432015529044425,0.013415215424043768,0.012254681854919488,0.010734935514399597,0.01012703697819164,0.008545119196468663,0.007819785715765987,0.0067559632774020625,0.005837207535178674,8.440825973188867e-05,0.00046808216760410993,0.0012431034615059968,0.0025859621390587713,0.004228086464751878,0.006177149916742762,0.008333397278984645,0.011072828981192304,0.013658791120251076,0.017073488900313846,0.01971316538647473,0.023089495775750275,0.0265655813810726,0.03031023872190548,0.03301897651148336,0.03521359126451246,0.037953022966720124,0.04102241422969789,0.04195857856490612,0.04472103070158611,0.04574927677468366,0.046209685464130325,0.045273521128922106,0.04551139895180288,0.04429898940292666,0.043493274196395,0.041782088567284895,0.03880477904219646,0.03575073473553358,0.03293456825175147,0.02975774829456948,0.026312356601876932,0.023956598807541495,0.020564921461951057,0.018009653235522064,0.014625649368089074,0.01215478940139197,0.00986809291047353,0.007489314681665759,0.005793476008870541,0.004542699069207099,0.0031000851756075474,0.002094859536982328,0.0012891443304506635,0.0008287356410039979,0.0006368986870678873,0.0003146126044552214,0.00013044912867655523,9.208173788933309e-05,5.371434710211097e-05,5.371434710211097e-05,1.534695631488885e-05,7.673478157444424e-06,7.673478157444424e-06,0.0,0.0,0.0,0.0,0.0,0.0,0.0,0.0,0.0,0.0
Bookset,D01184_full_norm.obj,0.7172020258013401,0.008735671442090986,42.744433586278944,0.37533959202804656,0.40543940552888613,0.7271432092735104,3.3189820707444007,0.0028749529797409855,0.007079907571605137,0.010760922134451073,0.015086785963780967,0.01841850717394809,0.02160245042721264,0.024772959320758774,0.02754043742275243,0.02950185394164114,0.03030791552474609,0.03301493900800688,0.03403595034660648,0.03417029394379064,0.035728679671126876,0.0347345370519641,0.03506367886506529,0.03400236444731044,0.034224031382664305,0.03304180772744371,0.03190660433123757,0.03098635069052609,0.029642914718684507,0.02809796335106669,0.026532860443871244,0.025686495781611047,0.024678918802729863,0.02404078671610511,0.021615884786931053,0.020191842656778976,0.019499973131280563,0.018143102799720565,0.01745795045408136,0.015966736525337203,0.014549411575044333,0.0140120371863077,0.013219409962921168,0.011916277070234833,0.011157235746144339,0.010250416465151272,0.009437637702187114,0.008329303025417808,0.008006878392175829,0.007220968348648504,0.006938846794561771,0.005870815196947713,0.005615562362297813,0.005696168520608308,0.005011016174969101,0.0044736417862324684,0.0038690955989037564,0.00392283303777742,0.003217529152560589,0.0030160137567843514,0.0025122252673437586,0.002243538072975442,0.001941264979311086,0.0017599011231124724,0.00135015315170079,0.0011419205760653448,0.001121769036487721,0.0008060615831049493,0.0005709602880326724,0.00032242463324197966,8.732333816970283e-05,0.0,0.010906666666666667,0.026626666666666667,0.04956,0.07441333333333333,0.12656,0.14495333333333332,0.17444666666666667,0.16328,0.11898,0.07528,0.030473333333333335,0.0041533333333333335,0.00036666666666666667,0.0,0.0,0.0,0.0,0.0,0.0,0.0,0.0,0.0,0.0,0.0,0.0,0.0,0.0,0.0,0.0,0.0,0.0,0.0,0.0,0.0,0.0,0.0,0.0,0.0,0.0,0.0,0.0,0.0,0.0,0.0,0.0,0.0,0.0,0.0,0.0,0.0,0.0,0.0,0.0,0.0,0.0,0.0,0.0,0.0,0.0,0.0,0.0,0.0,0.0,0.00882024985143788,0.05035755062796707,0.10598989109895907,0.15839726512162064,0.18467773704838786,0.1776535865232458,0.1437947772903605,0.09510646395448992,0.049863456389506504,0.019990785810147627,0.004914234587932082,0.00043400169594508877,0.0,0.0,0.0,0.0,0.0,0.0,0.0,0.0,0.0,0.0,0.0,0.0,0.0,0.0,0.0,0.0,0.0,0.0,0.0,0.0,0.0,0.0,0.0,0.0,0.0,0.0,0.0,0.0,0.0,0.0,0.0,0.0,0.0,0.0,0.0,0.0,0.0,0.0,0.0,0.0,0.0,0.0,0.0,0.0,0.0,0.0,0.0,0.0,0.0,0.0,0.0,0.0,0.0016389588581024348,0.018357682619647354,0.06606213266162889,0.13180856423173803,0.18634424853064652,0.20265994962216624,0.17491855583543242,0.1217262804366079,0.06587405541561712,0.024228379513014275,0.0057565071368597814,0.000617968094038623,6.717044500419815e-06,0.0,0.0,0.0,0.0,0.0,0.0,0.0,0.0,0.0,0.0,0.0,0.0,0.0,0.0,0.0,0.0,0.0,0.0,0.0,0.0,0.0,0.0,0.0,0.0,0.0,0.0,0.0,0.0,0.0,0.0,0.0,0.0,0.0,0.0,0.0,0.0,0.0,0.0,0.0,0.0,0.0,0.0,0.0,0.0,0.0,0.0,0.0,0.0,0.0,0.0,0.0,0.02311216150888959,0.1470983187667375,0.2862316894437581,0.29926872875438343,0.1788046439177109,0.05742742919406696,0.007880541125375036,0.00017648728907850616,0.0,0.0,0.0,0.0,0.0,0.0,0.0,0.0,0.0,0.0,0.0,0.0,0.0,0.0,0.0,0.0,0.0,0.0,0.0,0.0,0.0,0.0,0.0,0.0,0.0,0.0,0.0,0.0,0.0,0.0,0.0,0.0,0.0,0.0,0.0,0.0,0.0,0.0,0.0,0.0,0.0,0.0,0.0,0.0,0.0,0.0,0.0,0.0,0.0,0.0,0.0,0.0,0.0,0.0,0.0,0.0
Bookset,D01190_full_norm.obj,3.1897536828770696,0.007889617032595966,4610.066855686355,0.234423373844894,0.779384868407137,0.2746599863603201,8.786208616392086,0.005548278757346767,0.014824517212426532,0.022455079764903442,0.0283392107472712,0.03283291351805206,0.035748110831234255,0.03594962216624685,0.03609739714525609,0.03494206549118388,0.033262804366078924,0.03191939546599496,0.029259445843828714,0.027177162048698574,0.026028547439126783,0.02465155331654072,0.024214945424013434,0.021722921914357683,0.02001679261125105,0.019459277917716206,0.01862636439966415,0.018001679261125104,0.01747103274559194,0.017531486146095718,0.017202350965575146,0.01677246011754828,0.015328295549958019,0.015133501259445844,0.015193954659949622,0.014979009235936189,0.01452896725440806,0.014112510495382032,0.01415281276238455,0.014656591099916037,0.014723761544920236,0.013313182199832074,0.013581863979848867,0.013595298068849706,0.012500419815281277,0.01310495382031906,0.012621326616288833,0.012930310663308145,0.012057094878253568,0.012406381192275398,0.01164063811922754,0.011465994962216624,0.011432409739714525,0.010592779177162049,0.009726280436607893,0.010344248530646515,0.009793450881612091,0.00906801007556675,0.007838790931989924,0.007529806884970613,0.006656591099916037,0.006334172963895886,0.006132661628883291,0.005051217464315701,0.004392947103274559,0.0037951301427371956,0.0035197313182199833,0.0024181360201511333,0.0019479429051217465,0.0009806884970612931,0.00036272040302267,0.00014666666666666666,0.0015266666666666666,0.004593333333333333,0.01564,0.0288,0.04562,0.06476,0.08068666666666667,0.07794,0.06386666666666667,0.054553333333333336,0.06666666666666667,0.08148666666666667,0.07577333333333333,0.06521333333333333,0.047593333333333335,0.03998666666666666,0.04462666666666667,0.04024666666666667,0.01758,0.010993333333333334,0.029426666666666667,0.01868,0.017673333333333333,0.00592,0.0,0.0,0.0,0.0,0.0,0.0,0.0,0.0,0.0,0.0,0.0,0.0,0.0,0.0,0.0,0.0,0.0,0.0,0.0,0.0,0.0,0.0,0.0,0.0,0.0,0.0,0.0,0.0,0.0,0.0,0.0,0.0,0.0,0.0,0.0,0.0,0.0,0.0,0.0,0.005421682724729417,0.026654381080196837,0.0532486696178782,0.07985631205389633,0.09646856158484066,0.10075516295094446,0.09343722666239342,0.08197958188944307,0.07297905441045878,0.06539404015517229,0.057835733696559366,0.051612817071623636,0.047252769264667586,0.039881417382769464,0.03694355974867963,0.026954843792774207,0.02208067089985244,0.0178141003812538,0.010509517991039535,0.006289686116619594,0.0036589681442755176,0.0016759142412648813,0.001115050511120459,0.0001736006783780355,6.676949168385981e-06,0.0,0.0,0.0,0.0,0.0,0.0,0.0,0.0,0.0,0.0,0.0,0.0,0.0,0.0,0.0,0.0,0.0,0.0,0.0,0.0,0.0,0.0,0.0,0.0,0.0,0.0,0.0,0.0,0.0,0.0,0.0,0.0,0.0,0.0,0.0,0.0,0.0,0.0,0.0,0.0005709526176498247,0.006824563053320258,0.023959858672434407,0.050613270282252106,0.08256646560178406,0.11157085857839515,0.12837701680615823,0.13401265499684298,0.1265566855192982,0.1078025713019063,0.08561602428899606,0.06125985732901648,0.040275669357980576,0.022388059701492536,0.010720475032577885,0.0047892848986391175,0.0017195749425688838,0.0003425715705898948,3.358544809704851e-05,0.0,0.0,0.0,0.0,0.0,0.0,0.0,0.0,0.0,0.0,0.0,0.0,0.0,0.0,0.0,0.0,0.0,0.0,0.0,0.0,0.0,0.0,0.0,0.0,0.0,0.0,0.0,0.0,0.0,0.0,0.0,0.0,0.0,0.0,0.0,0.0,0.0,0.0,0.0,0.0,0.0,0.0,0.0,0.0,0.0,0.011226556984560607,0.07127290585960282,0.16031032260044814,0.22019552472451578,0.22792289511648609,0.1712452807022929,0.09507658307498695,0.03486141379416188,0.007305319377513122,0.0005601768010067835,2.3020964424936308e-05,0.0,0.0,0.0,0.0,0.0,0.0,0.0,0.0,0.0,0.0,0.0,0.0,0.0,0.0,0.0,0.0,0.0,0.0,0.0,0.0,0.0,0.0,0.0,0.0,0.0,0.0,0.0,0.0,0.0,0.0,0.0,0.0,0.0,0.0,0.0,0.0,0.0,0.0,0.0,0.0,0.0,0.0,0.0,0.0,0.0,0.0,0.0,0.0,0.0,0.0,0.0,0.0,0.0
Bookset,D01199_full_norm.obj,865.2584727385677,280.7245017136656,72.68161506793192,0.2522520378390335,15.330218465098861,0.5405829963721154,2.5671487746907293,0.002794290512174643,0.008194794290512175,0.012117548278757348,0.01599328295549958,0.018680100755667506,0.02140050377833753,0.02468513853904282,0.02682787573467674,0.028681780016792613,0.030696893366918557,0.03222837951301427,0.03272544080604534,0.03300755667506297,0.03351805205709488,0.0320671704450042,0.032114189756507136,0.031778337531486144,0.030817800167926113,0.030790931989924435,0.029373635600335853,0.027882451721242655,0.027190596137699412,0.026344248530646517,0.02582031905961377,0.0253904282115869,0.023899244332493703,0.023167086481947943,0.021225860621326618,0.021548278757346766,0.020581024349286315,0.019062972292191435,0.018404701931150295,0.017706129303106635,0.01673887489504618,0.015301427371956338,0.014777497900923593,0.013675902602854744,0.013219143576826197,0.011754827875734676,0.011056255247691016,0.01053904282115869,0.009511335012594458,0.008765743073047859,0.00765743073047859,0.007032745591939547,0.006931989924433249,0.0058303946263644,0.005380352644836272,0.004890008396305626,0.00436607892527288,0.004043660789252728,0.003788413098236776,0.003244332493702771,0.002767422334172964,0.0025054575986565913,0.002149454240134341,0.0018001679261125106,0.0014105793450881613,0.0012896725440806045,0.001168765743073048,0.0007388748950461797,0.0005172124265323258,0.00030226700251889167,0.00012762384550797648,0.0,0.0,0.0,0.0,0.0,0.0,0.0,0.0,0.0,0.0,0.0,0.0,0.0,0.0,0.0,0.0,0.0,0.0,0.0,0.0,0.0,0.0,0.0,0.0,0.0,0.0,0.0,0.0,0.0,0.0,0.0,0.0,0.0,0.0,0.0,0.0,0.040625,0.0078125,0.009375,0.0234375,0.0078125,0.0171875,0.0328125,0.015625,0.0140625,0.0171875,0.021875,0.0359375,0.0359375,0.040625,0.03125,0.0453125,0.034375,0.034375,0.0515625,0.0546875,0.05,0.05,0.03125,0.053125,0.0609375,0.05625,0.0484375,0.078125,0.0,0.00015600624024960998,0.00078003120124805,0.0015600624024961,0.00031201248049921997,0.00078003120124805,0.0020280811232449296,0.00109204368174727,0.0020280811232449296,0.0017160686427457098,0.0026521060842433697,0.0039001560062402497,0.00514820592823713,0.005616224648985959,0.005616224648985959,0.006552262090483619,0.008424336973478939,0.008268330733229329,0.01029641185647426,0.00951638065522621,0.009048361934477379,0.00873634945397816,0.009828393135725429,0.012012480499219968,0.0124804992199688,0.01107644305772231,0.012012480499219968,0.012012480499219968,0.012168486739469579,0.01326053042121685,0.01341653666146646,0.013884555382215289,0.01419656786271451,0.01669266770670827,0.014820592823712949,0.0171606864274571,0.01669266770670827,0.017004680187207487,0.018876755070202807,0.01747269890795632,0.018408736349453978,0.017316692667706707,0.023244929797191886,0.021996879875195007,0.022464898595943836,0.02605304212168487,0.025429017160686428,0.021996879875195007,0.025429017160686428,0.025429017160686428,0.0265210608424337,0.02605304212168487,0.024336973478939157,0.02574102964118565,0.029485179407176286,0.032605304212168486,0.033073322932917315,0.03229329173166927,0.028549141965678627,0.029329173166926677,0.03338533541341654,0.035725429017160686,0.03494539781591264,0.030889235569422777,0.0,0.0,0.0,0.0,0.0,0.0,0.0,0.00042607584149978694,0.0,0.00042607584149978694,0.0,0.0,0.00042607584149978694,0.0008521516829995739,0.0012782275244993609,0.0008521516829995739,0.0008521516829995739,0.0025564550489987218,0.002982530890498509,0.002982530890498509,0.0051129100979974435,0.004686834256497656,0.004686834256497656,0.004260758414997869,0.006817213463996591,0.005538985939497231,0.007243289305496378,0.006391137622496805,0.0097997443544951,0.007243289305496378,0.007669365146996165,0.012356199403493822,0.011930123561994035,0.0097997443544951,0.014912654452492544,0.011077971878994461,0.01533873029399233,0.016190881976991905,0.014912654452492544,0.01533873029399233,0.01533873029399233,0.020877716233489562,0.018747337025990626,0.019173412867490414,0.022155943757988922,0.021303792074989347,0.02982530890498509,0.02513847464848743,0.024712398806987643,0.032807839795483594,0.02556455048998722,0.035790370685982106,0.02513847464848743,0.03749467405198125,0.034512143161482746,0.03621644652748189,0.03962505325948019,0.03877290157648061,0.04729441840647635,0.04601619088197699,0.048146570089475926,0.04132935662547933,0.04942479761397529,0.05965061780997018,0.0,5.947778504728484e-05,5.947778504728484e-05,0.00011895557009456968,0.00041634449533099386,0.00017843335514185451,0.00017843335514185451,0.0008921667757092725,0.0006542556355201332,0.0007732112056147029,0.0016059001962766906,0.001486944626182121,0.001784333551418545,0.0029144114673169573,0.0024980669719859632,0.0030928448224588115,0.0035091893177898056,0.00380657824302623,0.004341878308451793,0.00529352286920835,0.004936656158924642,0.0054124784393029205,0.006899423065485041,0.005353000654255636,0.00797002319633617,0.00749420091595789,0.009159578897281865,0.009278534467376434,0.0105870457384167,0.011479212514125973,0.011479212514125973,0.011360256944031404,0.012847201570213525,0.01498840183191578,0.015761613037530483,0.016653779813239754,0.014809968476773926,0.01820020222446916,0.018735502289894724,0.020044013560934992,0.018854457859989293,0.01879498007494201,0.023791114018913935,0.021590435972164396,0.02212573603758996,0.025991792065663474,0.023731636233866652,0.02617022542080533,0.0270623921965146,0.02753821447689288,0.027419258906798312,0.029798370308689703,0.031166359364777255,0.03378338190685779,0.03342651519657408,0.03384285969190507,0.034735026467614345,0.03604353773865461,0.03937429370130256,0.03628144887884375,0.03800630464521501,0.040742282757390114,0.041099149467673825,0.041515493963004815
